DT_FED,NU_MUN,NO_MUN,SECCION
1,16,CATAZAJA,186
1,16,CATAZAJA,186
1,16,CATAZAJA,186
1,16,CATAZAJA,186
1,16,CATAZAJA,186
1,16,CATAZAJA,186
1,16,CATAZAJA,186
1,16,CATAZAJA,186
1,16,CATAZAJA,186
1,16,CATAZAJA,186
1,16,CATAZAJA,187
1,16,CATAZAJA,187
1,16,CATAZAJA,187
1,16,CATAZAJA,187
1,16,CATAZAJA,187
1,16,CATAZAJA,187
1,16,CATAZAJA,187
1,16,CATAZAJA,187
1,16,CATAZAJA,187
1,16,CATAZAJA,187
1,16,CATAZAJA,187
1,16,CATAZAJA,187
1,16,CATAZAJA,187
1,16,CATAZAJA,187
1,16,CATAZAJA,188
1,16,CATAZAJA,188
1,16,CATAZAJA,191
1,16,CATAZAJA,191
1,16,CATAZAJA,192
1,16,CATAZAJA,192
1,16,CATAZAJA,193
1,16,CATAZAJA,193
1,16,CATAZAJA,193
1,16,CATAZAJA,193
1,16,CATAZAJA,194
1,16,CATAZAJA,194
1,16,CATAZAJA,195
1,16,CATAZAJA,195
1,16,CATAZAJA,196
1,50,LA LIBERTAD,692
1,50,LA LIBERTAD,692
1,50,LA LIBERTAD,692
1,50,LA LIBERTAD,693
1,50,LA LIBERTAD,693
1,50,LA LIBERTAD,694
1,50,LA LIBERTAD,696
1,50,LA LIBERTAD,696
1,65,PALENQUE,944
1,65,PALENQUE,944
1,65,PALENQUE,944
1,65,PALENQUE,944
1,65,PALENQUE,944
1,65,PALENQUE,944
1,65,PALENQUE,944
1,65,PALENQUE,944
1,65,PALENQUE,944
1,65,PALENQUE,944
1,65,PALENQUE,944
1,65,PALENQUE,944
1,65,PALENQUE,944
1,65,PALENQUE,944
1,65,PALENQUE,944
1,65,PALENQUE,944
1,65,PALENQUE,944
1,65,PALENQUE,944
1,65,PALENQUE,944
1,65,PALENQUE,945
1,65,PALENQUE,945
1,65,PALENQUE,945
1,65,PALENQUE,945
1,65,PALENQUE,945
1,65,PALENQUE,945
1,65,PALENQUE,945
1,65,PALENQUE,945
1,65,PALENQUE,945
1,65,PALENQUE,945
1,65,PALENQUE,945
1,65,PALENQUE,945
1,65,PALENQUE,945
1,65,PALENQUE,945
1,65,PALENQUE,945
1,65,PALENQUE,945
1,65,PALENQUE,945
1,65,PALENQUE,945
1,65,PALENQUE,945
1,65,PALENQUE,945
1,65,PALENQUE,945
1,65,PALENQUE,945
1,65,PALENQUE,945
1,65,PALENQUE,945
1,65,PALENQUE,945
1,65,PALENQUE,945
1,65,PALENQUE,945
1,65,PALENQUE,945
1,65,PALENQUE,945
1,65,PALENQUE,945
1,65,PALENQUE,945
1,65,PALENQUE,945
1,65,PALENQUE,945
1,65,PALENQUE,945
1,65,PALENQUE,945
1,65,PALENQUE,945
1,65,PALENQUE,945
1,65,PALENQUE,945
1,65,PALENQUE,945
1,65,PALENQUE,945
1,65,PALENQUE,945
1,65,PALENQUE,945
1,65,PALENQUE,946
1,65,PALENQUE,946
1,65,PALENQUE,946
1,65,PALENQUE,946
1,65,PALENQUE,946
1,65,PALENQUE,946
1,65,PALENQUE,946
1,65,PALENQUE,946
1,65,PALENQUE,948
1,65,PALENQUE,948
1,65,PALENQUE,948
1,65,PALENQUE,948
1,65,PALENQUE,948
1,65,PALENQUE,949
1,65,PALENQUE,949
1,65,PALENQUE,949
1,65,PALENQUE,949
1,65,PALENQUE,949
1,65,PALENQUE,949
1,65,PALENQUE,949
1,65,PALENQUE,949
1,65,PALENQUE,949
1,65,PALENQUE,949
1,65,PALENQUE,949
1,65,PALENQUE,949
1,65,PALENQUE,949
1,65,PALENQUE,949
1,65,PALENQUE,949
1,65,PALENQUE,949
1,65,PALENQUE,949
1,65,PALENQUE,949
1,65,PALENQUE,949
1,65,PALENQUE,949
1,65,PALENQUE,949
1,65,PALENQUE,949
1,65,PALENQUE,949
1,65,PALENQUE,949
1,65,PALENQUE,949
1,65,PALENQUE,949
1,65,PALENQUE,949
1,65,PALENQUE,949
1,65,PALENQUE,949
1,65,PALENQUE,949
1,65,PALENQUE,949
1,65,PALENQUE,949
1,65,PALENQUE,949
1,65,PALENQUE,949
1,65,PALENQUE,949
1,65,PALENQUE,949
1,65,PALENQUE,949
1,65,PALENQUE,949
1,65,PALENQUE,949
1,65,PALENQUE,949
1,65,PALENQUE,949
1,65,PALENQUE,950
1,65,PALENQUE,950
1,65,PALENQUE,950
1,65,PALENQUE,950
1,65,PALENQUE,950
1,65,PALENQUE,950
1,65,PALENQUE,950
1,65,PALENQUE,950
1,65,PALENQUE,950
1,65,PALENQUE,950
1,65,PALENQUE,950
1,65,PALENQUE,950
1,65,PALENQUE,950
1,65,PALENQUE,950
1,65,PALENQUE,950
1,65,PALENQUE,950
1,65,PALENQUE,950
1,65,PALENQUE,950
1,65,PALENQUE,950
1,65,PALENQUE,950
1,65,PALENQUE,950
1,65,PALENQUE,950
1,65,PALENQUE,950
1,65,PALENQUE,950
1,65,PALENQUE,950
1,65,PALENQUE,950
1,65,PALENQUE,950
1,65,PALENQUE,950
1,65,PALENQUE,950
1,65,PALENQUE,950
1,65,PALENQUE,950
1,65,PALENQUE,950
1,65,PALENQUE,951
1,65,PALENQUE,951
1,65,PALENQUE,951
1,65,PALENQUE,951
1,65,PALENQUE,951
1,65,PALENQUE,953
1,65,PALENQUE,953
1,65,PALENQUE,954
1,65,PALENQUE,954
1,65,PALENQUE,954
1,65,PALENQUE,955
1,65,PALENQUE,955
1,65,PALENQUE,956
1,65,PALENQUE,956
1,65,PALENQUE,956
1,65,PALENQUE,957
1,65,PALENQUE,957
1,65,PALENQUE,958
1,65,PALENQUE,958
1,65,PALENQUE,958
1,65,PALENQUE,959
1,65,PALENQUE,960
1,65,PALENQUE,960
1,65,PALENQUE,960
1,65,PALENQUE,960
1,65,PALENQUE,961
1,65,PALENQUE,962
1,65,PALENQUE,962
1,65,PALENQUE,962
1,65,PALENQUE,962
1,65,PALENQUE,963
1,65,PALENQUE,963
1,65,PALENQUE,963
1,65,PALENQUE,963
1,65,PALENQUE,964
1,65,PALENQUE,964
1,65,PALENQUE,964
1,65,PALENQUE,964
1,65,PALENQUE,964
1,65,PALENQUE,965
1,65,PALENQUE,965
1,65,PALENQUE,965
1,65,PALENQUE,965
1,65,PALENQUE,966
1,65,PALENQUE,967
1,65,PALENQUE,967
1,65,PALENQUE,968
1,65,PALENQUE,968
1,65,PALENQUE,968
1,65,PALENQUE,968
1,65,PALENQUE,968
1,65,PALENQUE,968
1,65,PALENQUE,969
1,65,PALENQUE,969
1,65,PALENQUE,969
1,65,PALENQUE,969
1,65,PALENQUE,969
1,65,PALENQUE,969
1,65,PALENQUE,970
1,65,PALENQUE,970
1,65,PALENQUE,971
1,65,PALENQUE,971
1,65,PALENQUE,971
1,65,PALENQUE,971
1,65,PALENQUE,971
1,65,PALENQUE,972
1,65,PALENQUE,972
1,65,PALENQUE,972
1,65,PALENQUE,972
1,65,PALENQUE,972
1,65,PALENQUE,974
1,65,PALENQUE,974
1,65,PALENQUE,974
1,65,PALENQUE,974
1,65,PALENQUE,974
1,65,PALENQUE,974
1,65,PALENQUE,976
1,65,PALENQUE,976
1,65,PALENQUE,976
1,65,PALENQUE,2050
1,65,PALENQUE,2050
1,65,PALENQUE,2050
1,65,PALENQUE,2050
1,65,PALENQUE,2050
1,65,PALENQUE,2050
1,65,PALENQUE,2050
1,65,PALENQUE,2050
1,65,PALENQUE,2050
1,65,PALENQUE,2050
1,65,PALENQUE,2050
1,65,PALENQUE,2050
1,65,PALENQUE,2050
1,65,PALENQUE,2050
1,65,PALENQUE,2050
1,65,PALENQUE,2050
1,65,PALENQUE,2050
1,65,PALENQUE,2050
1,65,PALENQUE,2050
1,65,PALENQUE,2051
1,65,PALENQUE,2051
1,65,PALENQUE,2052
1,65,PALENQUE,2052
1,65,PALENQUE,2052
1,65,PALENQUE,2052
1,65,PALENQUE,2053
1,65,PALENQUE,2053
1,65,PALENQUE,2174
1,65,PALENQUE,2174
1,65,PALENQUE,2174
1,65,PALENQUE,2174
1,65,PALENQUE,2174
1,65,PALENQUE,2174
1,65,PALENQUE,2174
1,65,PALENQUE,2174
1,65,PALENQUE,2174
1,65,PALENQUE,2174
1,65,PALENQUE,2174
1,65,PALENQUE,2174
1,65,PALENQUE,2175
1,65,PALENQUE,2175
1,65,PALENQUE,2175
1,65,PALENQUE,2175
1,65,PALENQUE,2175
1,65,PALENQUE,2175
1,65,PALENQUE,2175
1,65,PALENQUE,2175
1,65,PALENQUE,2175
1,65,PALENQUE,2175
1,65,PALENQUE,2175
1,65,PALENQUE,2175
1,65,PALENQUE,2176
1,65,PALENQUE,2176
1,65,PALENQUE,2176
1,65,PALENQUE,2176
1,65,PALENQUE,2176
1,65,PALENQUE,2177
1,65,PALENQUE,2177
1,65,PALENQUE,2177
1,65,PALENQUE,2177
1,65,PALENQUE,2177
1,65,PALENQUE,2177
1,65,PALENQUE,2177
1,65,PALENQUE,2177
1,65,PALENQUE,2177
1,65,PALENQUE,2177
1,65,PALENQUE,2215
1,65,PALENQUE,2215
1,65,PALENQUE,2215
1,65,PALENQUE,2216
1,75,SABANILLA,1082
1,75,SABANILLA,1082
1,75,SABANILLA,1082
1,75,SABANILLA,1082
1,75,SABANILLA,1082
1,75,SABANILLA,1082
1,75,SABANILLA,1082
1,75,SABANILLA,1082
1,75,SABANILLA,1082
1,75,SABANILLA,1082
1,75,SABANILLA,1082
1,75,SABANILLA,1082
1,75,SABANILLA,1082
1,75,SABANILLA,1082
1,75,SABANILLA,1082
1,75,SABANILLA,1082
1,75,SABANILLA,1082
1,75,SABANILLA,1082
1,75,SABANILLA,1082
1,75,SABANILLA,1084
1,75,SABANILLA,1084
1,75,SABANILLA,1085
1,75,SABANILLA,1088
1,75,SABANILLA,1088
1,75,SABANILLA,1088
1,75,SABANILLA,1088
1,75,SABANILLA,1088
1,75,SABANILLA,1090
1,75,SABANILLA,2217
1,75,SABANILLA,2218
1,76,SALTO DE AGUA,1092
1,76,SALTO DE AGUA,1092
1,76,SALTO DE AGUA,1092
1,76,SALTO DE AGUA,1092
1,76,SALTO DE AGUA,1092
1,76,SALTO DE AGUA,1092
1,76,SALTO DE AGUA,1092
1,76,SALTO DE AGUA,1092
1,76,SALTO DE AGUA,1092
1,76,SALTO DE AGUA,1092
1,76,SALTO DE AGUA,1092
1,76,SALTO DE AGUA,1092
1,76,SALTO DE AGUA,1092
1,76,SALTO DE AGUA,1092
1,76,SALTO DE AGUA,1092
1,76,SALTO DE AGUA,1092
1,76,SALTO DE AGUA,1093
1,76,SALTO DE AGUA,1093
1,76,SALTO DE AGUA,1094
1,76,SALTO DE AGUA,1094
1,76,SALTO DE AGUA,1095
1,76,SALTO DE AGUA,1095
1,76,SALTO DE AGUA,1095
1,76,SALTO DE AGUA,1096
1,76,SALTO DE AGUA,1096
1,76,SALTO DE AGUA,1096
1,76,SALTO DE AGUA,1097
1,76,SALTO DE AGUA,1097
1,76,SALTO DE AGUA,1097
1,76,SALTO DE AGUA,1099
1,76,SALTO DE AGUA,1101
1,76,SALTO DE AGUA,1101
1,76,SALTO DE AGUA,1102
1,76,SALTO DE AGUA,1102
1,76,SALTO DE AGUA,1103
1,76,SALTO DE AGUA,1103
1,76,SALTO DE AGUA,1103
1,76,SALTO DE AGUA,1103
1,76,SALTO DE AGUA,1104
1,76,SALTO DE AGUA,1104
1,76,SALTO DE AGUA,1104
1,76,SALTO DE AGUA,1105
1,76,SALTO DE AGUA,1105
1,76,SALTO DE AGUA,1106
1,76,SALTO DE AGUA,1106
1,76,SALTO DE AGUA,1106
1,76,SALTO DE AGUA,1106
1,76,SALTO DE AGUA,1107
1,76,SALTO DE AGUA,1107
1,76,SALTO DE AGUA,1107
1,76,SALTO DE AGUA,1107
1,76,SALTO DE AGUA,1108
1,76,SALTO DE AGUA,1108
1,76,SALTO DE AGUA,1108
1,76,SALTO DE AGUA,1109
1,76,SALTO DE AGUA,1109
1,76,SALTO DE AGUA,1110
1,76,SALTO DE AGUA,1111
1,76,SALTO DE AGUA,1111
1,76,SALTO DE AGUA,1111
1,76,SALTO DE AGUA,1112
1,76,SALTO DE AGUA,1112
1,76,SALTO DE AGUA,2219
1,76,SALTO DE AGUA,2219
1,76,SALTO DE AGUA,2221
1,76,SALTO DE AGUA,2222
1,76,SALTO DE AGUA,2222
1,76,SALTO DE AGUA,2222
1,76,SALTO DE AGUA,2223
1,76,SALTO DE AGUA,2223
1,76,SALTO DE AGUA,2223
1,96,TILA,1464
1,96,TILA,1464
1,96,TILA,1464
1,96,TILA,1464
1,96,TILA,1464
1,96,TILA,1464
1,96,TILA,1465
1,96,TILA,1465
1,96,TILA,1465
1,96,TILA,1465
1,96,TILA,1465
1,96,TILA,1465
1,96,TILA,1466
1,96,TILA,1466
1,96,TILA,1466
1,96,TILA,1466
1,96,TILA,1468
1,96,TILA,1468
1,96,TILA,1469
1,96,TILA,1469
1,96,TILA,1470
1,96,TILA,1470
1,96,TILA,1471
1,96,TILA,1471
1,96,TILA,1471
1,96,TILA,1471
1,96,TILA,1471
1,96,TILA,1472
1,96,TILA,1473
1,96,TILA,1475
1,96,TILA,1475
1,96,TILA,1475
1,96,TILA,1477
1,96,TILA,1478
1,96,TILA,1478
1,96,TILA,1479
1,96,TILA,1479
1,96,TILA,1479
1,96,TILA,1479
1,96,TILA,1479
1,96,TILA,1479
1,96,TILA,1479
1,96,TILA,1479
1,96,TILA,1479
1,96,TILA,1479
1,96,TILA,1480
1,96,TILA,1480
1,96,TILA,1480
1,96,TILA,1480
1,96,TILA,1481
1,96,TILA,1481
1,96,TILA,1481
1,96,TILA,1482
1,96,TILA,1483
1,96,TILA,1483
1,96,TILA,1483
1,96,TILA,1483
1,96,TILA,1484
1,96,TILA,1484
1,96,TILA,1484
1,96,TILA,1484
1,96,TILA,1484
1,96,TILA,1484
1,96,TILA,1484
1,96,TILA,1484
1,96,TILA,1484
1,96,TILA,1485
1,96,TILA,1485
1,96,TILA,2224
1,96,TILA,2226
1,100,TUMBALA,1568
1,100,TUMBALA,1568
1,100,TUMBALA,1568
1,100,TUMBALA,1568
1,100,TUMBALA,1568
1,100,TUMBALA,1568
1,100,TUMBALA,1568
1,100,TUMBALA,1568
1,100,TUMBALA,1568
1,100,TUMBALA,1568
1,100,TUMBALA,1568
1,100,TUMBALA,1568
1,100,TUMBALA,1568
1,100,TUMBALA,1568
1,100,TUMBALA,1568
1,100,TUMBALA,1568
1,100,TUMBALA,1568
1,100,TUMBALA,1568
1,100,TUMBALA,1568
1,100,TUMBALA,1568
1,100,TUMBALA,1568
1,100,TUMBALA,1569
1,100,TUMBALA,1569
1,100,TUMBALA,1569
1,100,TUMBALA,1569
1,100,TUMBALA,1570
1,100,TUMBALA,1570
1,100,TUMBALA,1571
1,100,TUMBALA,1571
1,100,TUMBALA,1571
1,100,TUMBALA,1572
1,100,TUMBALA,1573
1,100,TUMBALA,1574
1,100,TUMBALA,1575
1,100,TUMBALA,1575
1,100,TUMBALA,1575
1,100,TUMBALA,1575
1,100,TUMBALA,1576
1,100,TUMBALA,1576
1,100,TUMBALA,1576
1,100,TUMBALA,1576
1,100,TUMBALA,1576
1,100,TUMBALA,1578
1,100,TUMBALA,1578
1,100,TUMBALA,1578
1,100,TUMBALA,1578
1,100,TUMBALA,1578
1,100,TUMBALA,1579
1,100,TUMBALA,1579
1,110,YAJALON,1902
1,110,YAJALON,1902
1,110,YAJALON,1902
1,110,YAJALON,1902
1,110,YAJALON,1902
1,110,YAJALON,1902
1,110,YAJALON,1902
1,110,YAJALON,1902
1,110,YAJALON,1902
1,110,YAJALON,1902
1,110,YAJALON,1902
1,110,YAJALON,1902
1,110,YAJALON,1902
1,110,YAJALON,1902
1,110,YAJALON,1903
1,110,YAJALON,1903
1,110,YAJALON,1903
1,110,YAJALON,1903
1,110,YAJALON,1903
1,110,YAJALON,1903
1,110,YAJALON,1903
1,110,YAJALON,1903
1,110,YAJALON,1903
1,110,YAJALON,1903
1,110,YAJALON,1903
1,110,YAJALON,1903
1,110,YAJALON,1903
1,110,YAJALON,1903
1,110,YAJALON,1904
1,110,YAJALON,1904
1,110,YAJALON,1904
1,110,YAJALON,1904
1,110,YAJALON,1904
1,110,YAJALON,1904
1,110,YAJALON,1904
1,110,YAJALON,1904
1,110,YAJALON,1904
1,110,YAJALON,1904
1,110,YAJALON,1904
1,110,YAJALON,1904
1,110,YAJALON,1904
1,110,YAJALON,1904
1,110,YAJALON,1905
1,110,YAJALON,1905
1,110,YAJALON,1905
1,110,YAJALON,1906
1,110,YAJALON,1906
1,110,YAJALON,1906
1,110,YAJALON,1906
1,110,YAJALON,1906
1,110,YAJALON,1906
1,110,YAJALON,1906
1,110,YAJALON,1907
1,110,YAJALON,1908
1,110,YAJALON,1908
1,110,YAJALON,1910
1,110,YAJALON,1912
2,13,BOCHIL,144
2,13,BOCHIL,144
2,13,BOCHIL,144
2,13,BOCHIL,144
2,13,BOCHIL,144
2,13,BOCHIL,144
2,13,BOCHIL,144
2,13,BOCHIL,144
2,13,BOCHIL,145
2,13,BOCHIL,145
2,13,BOCHIL,145
2,13,BOCHIL,145
2,13,BOCHIL,145
2,13,BOCHIL,145
2,13,BOCHIL,145
2,13,BOCHIL,145
2,13,BOCHIL,145
2,13,BOCHIL,145
2,13,BOCHIL,145
2,13,BOCHIL,146
2,13,BOCHIL,146
2,13,BOCHIL,146
2,13,BOCHIL,146
2,13,BOCHIL,146
2,13,BOCHIL,147
2,13,BOCHIL,147
2,13,BOCHIL,147
2,13,BOCHIL,147
2,13,BOCHIL,147
2,13,BOCHIL,147
2,13,BOCHIL,147
2,13,BOCHIL,148
2,13,BOCHIL,149
2,13,BOCHIL,149
2,13,BOCHIL,149
2,13,BOCHIL,151
2,13,BOCHIL,151
2,13,BOCHIL,151
2,13,BOCHIL,152
2,13,BOCHIL,152
2,13,BOCHIL,152
2,13,BOCHIL,153
2,13,BOCHIL,153
2,14,EL BOSQUE,155
2,14,EL BOSQUE,155
2,14,EL BOSQUE,155
2,14,EL BOSQUE,155
2,14,EL BOSQUE,155
2,14,EL BOSQUE,155
2,14,EL BOSQUE,155
2,14,EL BOSQUE,155
2,14,EL BOSQUE,155
2,14,EL BOSQUE,156
2,14,EL BOSQUE,156
2,14,EL BOSQUE,156
2,14,EL BOSQUE,156
2,14,EL BOSQUE,156
2,14,EL BOSQUE,156
2,14,EL BOSQUE,156
2,14,EL BOSQUE,156
2,14,EL BOSQUE,156
2,14,EL BOSQUE,157
2,14,EL BOSQUE,157
2,14,EL BOSQUE,159
2,14,EL BOSQUE,159
2,14,EL BOSQUE,159
2,14,EL BOSQUE,161
2,14,EL BOSQUE,162
2,14,EL BOSQUE,2055
2,22,CHALCHIHUITAN,331
2,22,CHALCHIHUITAN,331
2,26,CHENALHO,384
2,26,CHENALHO,384
2,26,CHENALHO,384
2,26,CHENALHO,384
2,26,CHENALHO,384
2,26,CHENALHO,384
2,26,CHENALHO,384
2,26,CHENALHO,384
2,26,CHENALHO,384
2,26,CHENALHO,384
2,26,CHENALHO,384
2,26,CHENALHO,384
2,26,CHENALHO,389
2,26,CHENALHO,389
2,26,CHENALHO,389
2,26,CHENALHO,389
2,26,CHENALHO,389
2,26,CHENALHO,394
2,26,CHENALHO,396
2,26,CHENALHO,400
2,26,CHENALHO,400
2,26,CHENALHO,400
2,26,CHENALHO,400
2,26,CHENALHO,400
2,38,HUITIUPAN,556
2,38,HUITIUPAN,556
2,38,HUITIUPAN,556
2,38,HUITIUPAN,556
2,38,HUITIUPAN,556
2,38,HUITIUPAN,556
2,38,HUITIUPAN,556
2,38,HUITIUPAN,557
2,38,HUITIUPAN,559
2,38,HUITIUPAN,559
2,38,HUITIUPAN,560
2,38,HUITIUPAN,561
2,38,HUITIUPAN,561
2,38,HUITIUPAN,562
2,38,HUITIUPAN,562
2,38,HUITIUPAN,562
2,38,HUITIUPAN,563
2,38,HUITIUPAN,565
2,44,IXTAPA,627
2,44,IXTAPA,627
2,44,IXTAPA,627
2,44,IXTAPA,627
2,44,IXTAPA,627
2,44,IXTAPA,627
2,44,IXTAPA,627
2,44,IXTAPA,627
2,44,IXTAPA,628
2,44,IXTAPA,628
2,44,IXTAPA,628
2,44,IXTAPA,628
2,44,IXTAPA,628
2,44,IXTAPA,628
2,44,IXTAPA,628
2,44,IXTAPA,628
2,44,IXTAPA,628
2,44,IXTAPA,628
2,44,IXTAPA,628
2,44,IXTAPA,628
2,44,IXTAPA,629
2,44,IXTAPA,629
2,44,IXTAPA,629
2,44,IXTAPA,630
2,44,IXTAPA,630
2,44,IXTAPA,630
2,44,IXTAPA,631
2,44,IXTAPA,631
2,44,IXTAPA,631
2,44,IXTAPA,632
2,44,IXTAPA,633
2,44,IXTAPA,633
2,44,IXTAPA,634
2,44,IXTAPA,634
2,44,IXTAPA,634
2,44,IXTAPA,634
2,44,IXTAPA,635
2,44,IXTAPA,635
2,47,JITOTOL,662
2,47,JITOTOL,662
2,47,JITOTOL,662
2,47,JITOTOL,662
2,47,JITOTOL,662
2,47,JITOTOL,662
2,47,JITOTOL,662
2,47,JITOTOL,662
2,47,JITOTOL,662
2,47,JITOTOL,662
2,47,JITOTOL,662
2,47,JITOTOL,662
2,47,JITOTOL,662
2,47,JITOTOL,662
2,47,JITOTOL,663
2,47,JITOTOL,663
2,47,JITOTOL,663
2,47,JITOTOL,663
2,47,JITOTOL,663
2,47,JITOTOL,663
2,47,JITOTOL,663
2,47,JITOTOL,663
2,47,JITOTOL,663
2,47,JITOTOL,663
2,47,JITOTOL,663
2,47,JITOTOL,663
2,47,JITOTOL,663
2,47,JITOTOL,664
2,47,JITOTOL,664
2,47,JITOTOL,664
2,47,JITOTOL,665
2,47,JITOTOL,2233
2,49,LARRAINZAR,682
2,49,LARRAINZAR,682
2,49,LARRAINZAR,682
2,49,LARRAINZAR,682
2,49,LARRAINZAR,682
2,49,LARRAINZAR,690
2,49,LARRAINZAR,691
2,56,MITONTIC,782
2,56,MITONTIC,784
2,56,MITONTIC,784
2,56,MITONTIC,784
2,56,MITONTIC,784
2,56,MITONTIC,784
2,56,MITONTIC,784
2,66,PANTELHO,977
2,66,PANTELHO,977
2,66,PANTELHO,977
2,66,PANTELHO,977
2,66,PANTELHO,978
2,66,PANTELHO,978
2,66,PANTELHO,978
2,66,PANTELHO,978
2,66,PANTELHO,979
2,66,PANTELHO,979
2,66,PANTELHO,979
2,66,PANTELHO,979
2,66,PANTELHO,979
2,66,PANTELHO,979
2,66,PANTELHO,980
2,71,PUEBLO NUEVO SOLISTAHUACAN,1039
2,71,PUEBLO NUEVO SOLISTAHUACAN,1039
2,71,PUEBLO NUEVO SOLISTAHUACAN,1039
2,71,PUEBLO NUEVO SOLISTAHUACAN,1039
2,71,PUEBLO NUEVO SOLISTAHUACAN,1039
2,71,PUEBLO NUEVO SOLISTAHUACAN,1040
2,71,PUEBLO NUEVO SOLISTAHUACAN,1040
2,71,PUEBLO NUEVO SOLISTAHUACAN,1040
2,71,PUEBLO NUEVO SOLISTAHUACAN,1041
2,71,PUEBLO NUEVO SOLISTAHUACAN,1041
2,71,PUEBLO NUEVO SOLISTAHUACAN,1041
2,71,PUEBLO NUEVO SOLISTAHUACAN,1041
2,71,PUEBLO NUEVO SOLISTAHUACAN,1041
2,71,PUEBLO NUEVO SOLISTAHUACAN,2236
2,71,PUEBLO NUEVO SOLISTAHUACAN,2236
2,82,SIMOJOVEL,1207
2,82,SIMOJOVEL,1207
2,82,SIMOJOVEL,1207
2,82,SIMOJOVEL,1207
2,82,SIMOJOVEL,1207
2,82,SIMOJOVEL,1207
2,82,SIMOJOVEL,1207
2,82,SIMOJOVEL,1207
2,82,SIMOJOVEL,1207
2,82,SIMOJOVEL,1207
2,82,SIMOJOVEL,1207
2,82,SIMOJOVEL,1207
2,82,SIMOJOVEL,1207
2,82,SIMOJOVEL,1207
2,82,SIMOJOVEL,1207
2,82,SIMOJOVEL,1207
2,82,SIMOJOVEL,1207
2,82,SIMOJOVEL,1207
2,82,SIMOJOVEL,1207
2,82,SIMOJOVEL,1207
2,82,SIMOJOVEL,1207
2,82,SIMOJOVEL,1207
2,82,SIMOJOVEL,1207
2,82,SIMOJOVEL,1208
2,82,SIMOJOVEL,1208
2,82,SIMOJOVEL,1208
2,82,SIMOJOVEL,1208
2,82,SIMOJOVEL,1208
2,82,SIMOJOVEL,1208
2,82,SIMOJOVEL,1208
2,82,SIMOJOVEL,1208
2,82,SIMOJOVEL,1208
2,82,SIMOJOVEL,1208
2,82,SIMOJOVEL,1208
2,82,SIMOJOVEL,1208
2,82,SIMOJOVEL,1208
2,82,SIMOJOVEL,1208
2,82,SIMOJOVEL,1208
2,82,SIMOJOVEL,1209
2,82,SIMOJOVEL,1209
2,82,SIMOJOVEL,1209
2,82,SIMOJOVEL,1209
2,82,SIMOJOVEL,1209
2,82,SIMOJOVEL,1209
2,82,SIMOJOVEL,1209
2,82,SIMOJOVEL,1209
2,82,SIMOJOVEL,1209
2,82,SIMOJOVEL,1209
2,82,SIMOJOVEL,1209
2,82,SIMOJOVEL,1209
2,82,SIMOJOVEL,1209
2,82,SIMOJOVEL,1209
2,82,SIMOJOVEL,1209
2,82,SIMOJOVEL,1209
2,82,SIMOJOVEL,1209
2,82,SIMOJOVEL,1209
2,82,SIMOJOVEL,1209
2,82,SIMOJOVEL,1209
2,82,SIMOJOVEL,1209
2,82,SIMOJOVEL,1209
2,82,SIMOJOVEL,1209
2,82,SIMOJOVEL,1209
2,82,SIMOJOVEL,1209
2,82,SIMOJOVEL,1209
2,82,SIMOJOVEL,1209
2,82,SIMOJOVEL,1209
2,82,SIMOJOVEL,1209
2,82,SIMOJOVEL,1209
2,82,SIMOJOVEL,1209
2,82,SIMOJOVEL,1209
2,82,SIMOJOVEL,1209
2,82,SIMOJOVEL,1209
2,82,SIMOJOVEL,1209
2,82,SIMOJOVEL,1209
2,82,SIMOJOVEL,1209
2,82,SIMOJOVEL,1211
2,82,SIMOJOVEL,1212
2,82,SIMOJOVEL,1212
2,82,SIMOJOVEL,1212
2,82,SIMOJOVEL,1212
2,82,SIMOJOVEL,1217
2,82,SIMOJOVEL,1218
2,82,SIMOJOVEL,1218
2,82,SIMOJOVEL,1221
2,86,SOYALO,1236
2,86,SOYALO,1236
2,86,SOYALO,1236
2,86,SOYALO,1236
2,86,SOYALO,1236
2,86,SOYALO,1236
2,86,SOYALO,1236
2,86,SOYALO,1236
2,86,SOYALO,1236
2,86,SOYALO,1236
2,86,SOYALO,1236
2,86,SOYALO,1236
2,86,SOYALO,1236
2,86,SOYALO,1236
2,86,SOYALO,1236
2,86,SOYALO,1236
2,86,SOYALO,1236
2,86,SOYALO,1236
2,86,SOYALO,1236
2,86,SOYALO,1237
2,86,SOYALO,1237
2,86,SOYALO,1237
2,86,SOYALO,1237
2,86,SOYALO,1237
2,86,SOYALO,1237
2,86,SOYALO,1237
2,86,SOYALO,1237
2,86,SOYALO,1237
2,86,SOYALO,1237
2,86,SOYALO,1237
2,86,SOYALO,1237
2,86,SOYALO,1237
2,86,SOYALO,1238
2,86,SOYALO,1239
2,86,SOYALO,1239
2,86,SOYALO,1239
2,86,SOYALO,1239
2,86,SOYALO,1239
2,86,SOYALO,1239
2,86,SOYALO,1239
2,86,SOYALO,1239
2,112,ALDAMA,398
2,112,ALDAMA,399
2,112,ALDAMA,399
2,112,ALDAMA,399
2,112,ALDAMA,399
2,117,SAN ANDRES DURAZNAL,2238
2,117,SAN ANDRES DURAZNAL,2238
2,117,SAN ANDRES DURAZNAL,2238
2,117,SAN ANDRES DURAZNAL,2238
2,117,SAN ANDRES DURAZNAL,2238
2,117,SAN ANDRES DURAZNAL,2238
2,117,SAN ANDRES DURAZNAL,2238
2,118,SANTIAGO EL PINAR,685
2,118,SANTIAGO EL PINAR,685
3,31,CHILON,456
3,31,CHILON,456
3,31,CHILON,456
3,31,CHILON,456
3,31,CHILON,456
3,31,CHILON,456
3,31,CHILON,457
3,31,CHILON,457
3,31,CHILON,457
3,31,CHILON,457
3,31,CHILON,457
3,31,CHILON,457
3,31,CHILON,457
3,31,CHILON,457
3,31,CHILON,457
3,31,CHILON,463
3,31,CHILON,464
3,31,CHILON,465
3,31,CHILON,466
3,31,CHILON,466
3,31,CHILON,467
3,31,CHILON,468
3,31,CHILON,470
3,31,CHILON,472
3,31,CHILON,472
3,31,CHILON,476
3,31,CHILON,483
3,31,CHILON,483
3,31,CHILON,483
3,31,CHILON,484
3,31,CHILON,484
3,31,CHILON,484
3,31,CHILON,484
3,31,CHILON,484
3,31,CHILON,484
3,31,CHILON,484
3,31,CHILON,485
3,31,CHILON,485
3,31,CHILON,485
3,31,CHILON,485
3,31,CHILON,485
3,31,CHILON,485
3,31,CHILON,485
3,31,CHILON,485
3,31,CHILON,487
3,31,CHILON,487
3,31,CHILON,487
3,31,CHILON,2060
3,31,CHILON,2060
3,31,CHILON,2060
3,31,CHILON,2062
3,31,CHILON,2064
3,31,CHILON,2065
3,31,CHILON,2065
3,31,CHILON,2071
3,31,CHILON,2072
3,31,CHILON,2073
3,59,OCOSINGO,815
3,59,OCOSINGO,815
3,59,OCOSINGO,815
3,59,OCOSINGO,815
3,59,OCOSINGO,815
3,59,OCOSINGO,815
3,59,OCOSINGO,815
3,59,OCOSINGO,815
3,59,OCOSINGO,815
3,59,OCOSINGO,815
3,59,OCOSINGO,815
3,59,OCOSINGO,815
3,59,OCOSINGO,815
3,59,OCOSINGO,815
3,59,OCOSINGO,815
3,59,OCOSINGO,815
3,59,OCOSINGO,815
3,59,OCOSINGO,815
3,59,OCOSINGO,815
3,59,OCOSINGO,817
3,59,OCOSINGO,817
3,59,OCOSINGO,817
3,59,OCOSINGO,817
3,59,OCOSINGO,817
3,59,OCOSINGO,817
3,59,OCOSINGO,817
3,59,OCOSINGO,817
3,59,OCOSINGO,817
3,59,OCOSINGO,817
3,59,OCOSINGO,818
3,59,OCOSINGO,818
3,59,OCOSINGO,818
3,59,OCOSINGO,818
3,59,OCOSINGO,818
3,59,OCOSINGO,818
3,59,OCOSINGO,818
3,59,OCOSINGO,818
3,59,OCOSINGO,818
3,59,OCOSINGO,818
3,59,OCOSINGO,818
3,59,OCOSINGO,818
3,59,OCOSINGO,819
3,59,OCOSINGO,819
3,59,OCOSINGO,819
3,59,OCOSINGO,819
3,59,OCOSINGO,819
3,59,OCOSINGO,819
3,59,OCOSINGO,819
3,59,OCOSINGO,819
3,59,OCOSINGO,819
3,59,OCOSINGO,819
3,59,OCOSINGO,819
3,59,OCOSINGO,819
3,59,OCOSINGO,819
3,59,OCOSINGO,819
3,59,OCOSINGO,819
3,59,OCOSINGO,819
3,59,OCOSINGO,819
3,59,OCOSINGO,819
3,59,OCOSINGO,819
3,59,OCOSINGO,819
3,59,OCOSINGO,820
3,59,OCOSINGO,820
3,59,OCOSINGO,820
3,59,OCOSINGO,820
3,59,OCOSINGO,820
3,59,OCOSINGO,820
3,59,OCOSINGO,820
3,59,OCOSINGO,820
3,59,OCOSINGO,820
3,59,OCOSINGO,820
3,59,OCOSINGO,820
3,59,OCOSINGO,820
3,59,OCOSINGO,820
3,59,OCOSINGO,820
3,59,OCOSINGO,820
3,59,OCOSINGO,820
3,59,OCOSINGO,820
3,59,OCOSINGO,820
3,59,OCOSINGO,820
3,59,OCOSINGO,820
3,59,OCOSINGO,820
3,59,OCOSINGO,820
3,59,OCOSINGO,820
3,59,OCOSINGO,820
3,59,OCOSINGO,820
3,59,OCOSINGO,820
3,59,OCOSINGO,820
3,59,OCOSINGO,820
3,59,OCOSINGO,820
3,59,OCOSINGO,820
3,59,OCOSINGO,820
3,59,OCOSINGO,820
3,59,OCOSINGO,820
3,59,OCOSINGO,820
3,59,OCOSINGO,820
3,59,OCOSINGO,820
3,59,OCOSINGO,820
3,59,OCOSINGO,820
3,59,OCOSINGO,820
3,59,OCOSINGO,820
3,59,OCOSINGO,820
3,59,OCOSINGO,820
3,59,OCOSINGO,820
3,59,OCOSINGO,820
3,59,OCOSINGO,820
3,59,OCOSINGO,820
3,59,OCOSINGO,820
3,59,OCOSINGO,820
3,59,OCOSINGO,820
3,59,OCOSINGO,821
3,59,OCOSINGO,822
3,59,OCOSINGO,822
3,59,OCOSINGO,823
3,59,OCOSINGO,824
3,59,OCOSINGO,825
3,59,OCOSINGO,825
3,59,OCOSINGO,825
3,59,OCOSINGO,827
3,59,OCOSINGO,828
3,59,OCOSINGO,828
3,59,OCOSINGO,828
3,59,OCOSINGO,829
3,59,OCOSINGO,829
3,59,OCOSINGO,829
3,59,OCOSINGO,830
3,59,OCOSINGO,830
3,59,OCOSINGO,832
3,59,OCOSINGO,834
3,59,OCOSINGO,835
3,59,OCOSINGO,835
3,59,OCOSINGO,835
3,59,OCOSINGO,835
3,59,OCOSINGO,835
3,59,OCOSINGO,836
3,59,OCOSINGO,837
3,59,OCOSINGO,839
3,59,OCOSINGO,839
3,59,OCOSINGO,839
3,59,OCOSINGO,839
3,59,OCOSINGO,839
3,59,OCOSINGO,839
3,59,OCOSINGO,839
3,59,OCOSINGO,839
3,59,OCOSINGO,840
3,59,OCOSINGO,841
3,59,OCOSINGO,843
3,59,OCOSINGO,844
3,59,OCOSINGO,850
3,59,OCOSINGO,850
3,59,OCOSINGO,851
3,59,OCOSINGO,853
3,59,OCOSINGO,853
3,59,OCOSINGO,853
3,59,OCOSINGO,853
3,59,OCOSINGO,853
3,59,OCOSINGO,853
3,59,OCOSINGO,853
3,59,OCOSINGO,853
3,59,OCOSINGO,854
3,59,OCOSINGO,854
3,59,OCOSINGO,854
3,59,OCOSINGO,854
3,59,OCOSINGO,854
3,59,OCOSINGO,854
3,59,OCOSINGO,854
3,59,OCOSINGO,856
3,59,OCOSINGO,856
3,59,OCOSINGO,858
3,59,OCOSINGO,860
3,59,OCOSINGO,863
3,59,OCOSINGO,865
3,59,OCOSINGO,865
3,59,OCOSINGO,865
3,59,OCOSINGO,865
3,59,OCOSINGO,865
3,59,OCOSINGO,865
3,59,OCOSINGO,865
3,59,OCOSINGO,865
3,59,OCOSINGO,865
3,59,OCOSINGO,866
3,59,OCOSINGO,866
3,59,OCOSINGO,866
3,59,OCOSINGO,866
3,59,OCOSINGO,866
3,59,OCOSINGO,871
3,59,OCOSINGO,871
3,59,OCOSINGO,871
3,59,OCOSINGO,872
3,59,OCOSINGO,881
3,59,OCOSINGO,2076
3,59,OCOSINGO,2077
3,59,OCOSINGO,2079
3,59,OCOSINGO,2080
3,59,OCOSINGO,2082
3,59,OCOSINGO,2082
3,59,OCOSINGO,2082
3,59,OCOSINGO,2082
3,59,OCOSINGO,2082
3,59,OCOSINGO,2082
3,59,OCOSINGO,2082
3,59,OCOSINGO,2083
3,59,OCOSINGO,2178
3,59,OCOSINGO,2178
3,59,OCOSINGO,2178
3,59,OCOSINGO,2178
3,59,OCOSINGO,2178
3,59,OCOSINGO,2178
3,59,OCOSINGO,2178
3,59,OCOSINGO,2178
3,59,OCOSINGO,2178
3,59,OCOSINGO,2179
3,59,OCOSINGO,2179
3,59,OCOSINGO,2179
3,59,OCOSINGO,2179
3,59,OCOSINGO,2179
3,59,OCOSINGO,2179
3,59,OCOSINGO,2179
3,59,OCOSINGO,2179
3,59,OCOSINGO,2179
3,59,OCOSINGO,2179
3,59,OCOSINGO,2179
3,59,OCOSINGO,2179
3,59,OCOSINGO,2179
3,59,OCOSINGO,2179
3,59,OCOSINGO,2180
3,59,OCOSINGO,2180
3,59,OCOSINGO,2180
3,59,OCOSINGO,2180
3,59,OCOSINGO,2180
3,59,OCOSINGO,2180
3,59,OCOSINGO,2180
3,59,OCOSINGO,2180
3,59,OCOSINGO,2181
3,59,OCOSINGO,2181
3,59,OCOSINGO,2181
3,59,OCOSINGO,2181
3,59,OCOSINGO,2181
3,59,OCOSINGO,2181
3,59,OCOSINGO,2181
3,59,OCOSINGO,2181
3,59,OCOSINGO,2181
3,59,OCOSINGO,2181
3,59,OCOSINGO,2253
3,59,OCOSINGO,2254
3,59,OCOSINGO,2254
3,59,OCOSINGO,2254
3,59,OCOSINGO,2254
3,59,OCOSINGO,2255
3,59,OCOSINGO,2259
3,59,OCOSINGO,2260
3,59,OCOSINGO,2261
3,59,OCOSINGO,2262
3,59,OCOSINGO,2266
3,59,OCOSINGO,2267
3,59,OCOSINGO,2268
3,59,OCOSINGO,2269
3,59,OCOSINGO,2273
3,59,OCOSINGO,2278
3,59,OCOSINGO,2279
3,83,SITALA,1222
3,83,SITALA,1222
3,83,SITALA,1222
3,83,SITALA,1223
3,83,SITALA,1223
3,113,BENEMERITO DE LAS AMERICAS,867
3,113,BENEMERITO DE LAS AMERICAS,868
3,113,BENEMERITO DE LAS AMERICAS,868
3,113,BENEMERITO DE LAS AMERICAS,868
3,113,BENEMERITO DE LAS AMERICAS,868
3,113,BENEMERITO DE LAS AMERICAS,868
3,113,BENEMERITO DE LAS AMERICAS,868
3,113,BENEMERITO DE LAS AMERICAS,869
3,113,BENEMERITO DE LAS AMERICAS,869
3,113,BENEMERITO DE LAS AMERICAS,869
3,113,BENEMERITO DE LAS AMERICAS,869
3,113,BENEMERITO DE LAS AMERICAS,869
3,113,BENEMERITO DE LAS AMERICAS,869
3,113,BENEMERITO DE LAS AMERICAS,874
3,113,BENEMERITO DE LAS AMERICAS,874
3,113,BENEMERITO DE LAS AMERICAS,874
3,113,BENEMERITO DE LAS AMERICAS,878
3,113,BENEMERITO DE LAS AMERICAS,878
3,113,BENEMERITO DE LAS AMERICAS,878
3,113,BENEMERITO DE LAS AMERICAS,879
3,113,BENEMERITO DE LAS AMERICAS,879
3,113,BENEMERITO DE LAS AMERICAS,879
3,115,MARQUES DE COMILLAS,873
3,115,MARQUES DE COMILLAS,873
3,115,MARQUES DE COMILLAS,875
3,115,MARQUES DE COMILLAS,875
3,115,MARQUES DE COMILLAS,877
3,115,MARQUES DE COMILLAS,880
3,115,MARQUES DE COMILLAS,2280
3,115,MARQUES DE COMILLAS,2281
3,115,MARQUES DE COMILLAS,2282
4,5,AMATAN,44
4,5,AMATAN,44
4,5,AMATAN,44
4,5,AMATAN,44
4,5,AMATAN,44
4,5,AMATAN,44
4,5,AMATAN,44
4,5,AMATAN,44
4,5,AMATAN,44
4,5,AMATAN,44
4,5,AMATAN,44
4,5,AMATAN,44
4,5,AMATAN,44
4,5,AMATAN,45
4,5,AMATAN,48
4,5,AMATAN,50
4,5,AMATAN,53
4,5,AMATAN,53
4,18,COAPILLA,234
4,18,COAPILLA,234
4,18,COAPILLA,234
4,18,COAPILLA,234
4,18,COAPILLA,235
4,18,COAPILLA,235
4,18,COAPILLA,235
4,18,COAPILLA,235
4,18,COAPILLA,237
4,18,COAPILLA,237
4,18,COAPILLA,238
4,21,COPAINALA,317
4,21,COPAINALA,317
4,21,COPAINALA,317
4,21,COPAINALA,317
4,21,COPAINALA,317
4,21,COPAINALA,318
4,21,COPAINALA,318
4,21,COPAINALA,318
4,21,COPAINALA,318
4,21,COPAINALA,318
4,21,COPAINALA,318
4,21,COPAINALA,318
4,21,COPAINALA,318
4,21,COPAINALA,318
4,21,COPAINALA,318
4,21,COPAINALA,319
4,21,COPAINALA,319
4,21,COPAINALA,319
4,21,COPAINALA,319
4,21,COPAINALA,319
4,21,COPAINALA,319
4,21,COPAINALA,319
4,21,COPAINALA,319
4,21,COPAINALA,320
4,21,COPAINALA,320
4,21,COPAINALA,320
4,21,COPAINALA,320
4,21,COPAINALA,321
4,21,COPAINALA,321
4,21,COPAINALA,322
4,21,COPAINALA,324
4,21,COPAINALA,325
4,21,COPAINALA,326
4,21,COPAINALA,327
4,21,COPAINALA,328
4,21,COPAINALA,328
4,21,COPAINALA,329
4,21,COPAINALA,330
4,25,CHAPULTENANGO,381
4,25,CHAPULTENANGO,381
4,25,CHAPULTENANGO,381
4,25,CHAPULTENANGO,381
4,25,CHAPULTENANGO,381
4,25,CHAPULTENANGO,381
4,25,CHAPULTENANGO,381
4,25,CHAPULTENANGO,381
4,25,CHAPULTENANGO,382
4,29,CHICOASEN,436
4,29,CHICOASEN,436
4,29,CHICOASEN,436
4,29,CHICOASEN,436
4,29,CHICOASEN,436
4,29,CHICOASEN,436
4,29,CHICOASEN,436
4,29,CHICOASEN,437
4,29,CHICOASEN,437
4,29,CHICOASEN,437
4,29,CHICOASEN,437
4,29,CHICOASEN,437
4,29,CHICOASEN,437
4,29,CHICOASEN,437
4,29,CHICOASEN,437
4,33,FRANCISCO LEON,503
4,33,FRANCISCO LEON,503
4,33,FRANCISCO LEON,503
4,33,FRANCISCO LEON,503
4,33,FRANCISCO LEON,2290
4,33,FRANCISCO LEON,2290
4,33,FRANCISCO LEON,2290
4,33,FRANCISCO LEON,2290
4,33,FRANCISCO LEON,2290
4,33,FRANCISCO LEON,2291
4,42,IXHUATAN,617
4,42,IXHUATAN,617
4,42,IXHUATAN,617
4,42,IXHUATAN,618
4,42,IXHUATAN,618
4,42,IXHUATAN,618
4,42,IXHUATAN,618
4,42,IXHUATAN,618
4,42,IXHUATAN,619
4,42,IXHUATAN,620
4,42,IXHUATAN,620
4,43,IXTACOMITAN,621
4,43,IXTACOMITAN,621
4,43,IXTACOMITAN,621
4,43,IXTACOMITAN,621
4,43,IXTACOMITAN,621
4,43,IXTACOMITAN,621
4,43,IXTACOMITAN,621
4,43,IXTACOMITAN,621
4,43,IXTACOMITAN,621
4,43,IXTACOMITAN,622
4,43,IXTACOMITAN,622
4,43,IXTACOMITAN,622
4,43,IXTACOMITAN,622
4,43,IXTACOMITAN,622
4,43,IXTACOMITAN,622
4,43,IXTACOMITAN,622
4,43,IXTACOMITAN,622
4,43,IXTACOMITAN,622
4,43,IXTACOMITAN,622
4,43,IXTACOMITAN,622
4,43,IXTACOMITAN,623
4,43,IXTACOMITAN,625
4,45,IXTAPANGAJOYA,636
4,45,IXTAPANGAJOYA,636
4,45,IXTAPANGAJOYA,636
4,45,IXTAPANGAJOYA,636
4,45,IXTAPANGAJOYA,636
4,45,IXTAPANGAJOYA,637
4,48,JUAREZ,669
4,48,JUAREZ,669
4,48,JUAREZ,669
4,48,JUAREZ,669
4,48,JUAREZ,669
4,48,JUAREZ,669
4,48,JUAREZ,669
4,48,JUAREZ,669
4,48,JUAREZ,670
4,48,JUAREZ,670
4,48,JUAREZ,670
4,48,JUAREZ,671
4,48,JUAREZ,671
4,48,JUAREZ,671
4,48,JUAREZ,671
4,48,JUAREZ,671
4,48,JUAREZ,671
4,48,JUAREZ,671
4,48,JUAREZ,671
4,48,JUAREZ,671
4,48,JUAREZ,672
4,48,JUAREZ,672
4,48,JUAREZ,673
4,48,JUAREZ,673
4,48,JUAREZ,674
4,48,JUAREZ,674
4,48,JUAREZ,676
4,48,JUAREZ,678
4,48,JUAREZ,679
4,48,JUAREZ,680
4,48,JUAREZ,680
4,48,JUAREZ,681
4,60,OCOTEPEC,882
4,60,OCOTEPEC,882
4,60,OCOTEPEC,882
4,60,OCOTEPEC,882
4,60,OCOTEPEC,882
4,60,OCOTEPEC,882
4,60,OCOTEPEC,882
4,60,OCOTEPEC,882
4,60,OCOTEPEC,882
4,60,OCOTEPEC,883
4,60,OCOTEPEC,883
4,60,OCOTEPEC,883
4,60,OCOTEPEC,883
4,60,OCOTEPEC,883
4,60,OCOTEPEC,883
4,60,OCOTEPEC,883
4,60,OCOTEPEC,883
4,60,OCOTEPEC,884
4,62,OSTUACAN,914
4,62,OSTUACAN,914
4,62,OSTUACAN,914
4,62,OSTUACAN,914
4,62,OSTUACAN,914
4,62,OSTUACAN,914
4,62,OSTUACAN,914
4,62,OSTUACAN,914
4,62,OSTUACAN,915
4,62,OSTUACAN,916
4,62,OSTUACAN,917
4,62,OSTUACAN,918
4,62,OSTUACAN,919
4,62,OSTUACAN,920
4,62,OSTUACAN,920
4,62,OSTUACAN,922
4,62,OSTUACAN,2084
4,62,OSTUACAN,2084
4,62,OSTUACAN,2084
4,62,OSTUACAN,2084
4,62,OSTUACAN,2084
4,62,OSTUACAN,2084
4,62,OSTUACAN,2084
4,62,OSTUACAN,2085
4,63,OSUMACINTA,923
4,63,OSUMACINTA,923
4,63,OSUMACINTA,924
4,63,OSUMACINTA,924
4,67,PANTEPEC,985
4,67,PANTEPEC,985
4,67,PANTEPEC,985
4,67,PANTEPEC,985
4,67,PANTEPEC,985
4,67,PANTEPEC,985
4,67,PANTEPEC,985
4,67,PANTEPEC,985
4,67,PANTEPEC,985
4,67,PANTEPEC,986
4,67,PANTEPEC,987
4,67,PANTEPEC,989
4,67,PANTEPEC,989
4,68,PICHUCALCO,990
4,68,PICHUCALCO,990
4,68,PICHUCALCO,990
4,68,PICHUCALCO,990
4,68,PICHUCALCO,990
4,68,PICHUCALCO,990
4,68,PICHUCALCO,990
4,68,PICHUCALCO,991
4,68,PICHUCALCO,991
4,68,PICHUCALCO,991
4,68,PICHUCALCO,991
4,68,PICHUCALCO,991
4,68,PICHUCALCO,991
4,68,PICHUCALCO,991
4,68,PICHUCALCO,991
4,68,PICHUCALCO,992
4,68,PICHUCALCO,992
4,68,PICHUCALCO,992
4,68,PICHUCALCO,992
4,68,PICHUCALCO,992
4,68,PICHUCALCO,992
4,68,PICHUCALCO,992
4,68,PICHUCALCO,992
4,68,PICHUCALCO,992
4,68,PICHUCALCO,992
4,68,PICHUCALCO,993
4,68,PICHUCALCO,993
4,68,PICHUCALCO,994
4,68,PICHUCALCO,995
4,68,PICHUCALCO,995
4,68,PICHUCALCO,995
4,68,PICHUCALCO,995
4,68,PICHUCALCO,995
4,68,PICHUCALCO,995
4,68,PICHUCALCO,995
4,68,PICHUCALCO,996
4,68,PICHUCALCO,996
4,68,PICHUCALCO,997
4,68,PICHUCALCO,998
4,68,PICHUCALCO,999
4,68,PICHUCALCO,1002
4,68,PICHUCALCO,1005
4,68,PICHUCALCO,1006
4,68,PICHUCALCO,1006
4,68,PICHUCALCO,1006
4,68,PICHUCALCO,1007
4,68,PICHUCALCO,1007
4,72,RAYON,1049
4,72,RAYON,1049
4,72,RAYON,1049
4,72,RAYON,1049
4,72,RAYON,1049
4,72,RAYON,1049
4,72,RAYON,1049
4,72,RAYON,1049
4,72,RAYON,1050
4,72,RAYON,1050
4,72,RAYON,1050
4,72,RAYON,1050
4,72,RAYON,1050
4,72,RAYON,1050
4,72,RAYON,1050
4,72,RAYON,1051
4,73,REFORMA,1052
4,73,REFORMA,1052
4,73,REFORMA,1052
4,73,REFORMA,1052
4,73,REFORMA,1052
4,73,REFORMA,1053
4,73,REFORMA,1054
4,73,REFORMA,1055
4,73,REFORMA,1055
4,73,REFORMA,1056
4,73,REFORMA,1056
4,73,REFORMA,1056
4,73,REFORMA,1058
4,73,REFORMA,1058
4,73,REFORMA,1059
4,73,REFORMA,1059
4,73,REFORMA,1060
4,73,REFORMA,1060
4,73,REFORMA,1060
4,73,REFORMA,1061
4,73,REFORMA,1061
4,73,REFORMA,1061
4,73,REFORMA,1061
4,73,REFORMA,1062
4,73,REFORMA,1062
4,73,REFORMA,1062
4,73,REFORMA,1062
4,73,REFORMA,1062
4,73,REFORMA,1062
4,73,REFORMA,1062
4,73,REFORMA,1062
4,73,REFORMA,1063
4,73,REFORMA,1063
4,73,REFORMA,1064
4,73,REFORMA,1064
4,73,REFORMA,1065
4,73,REFORMA,1066
4,73,REFORMA,1067
4,73,REFORMA,1067
4,73,REFORMA,1067
4,73,REFORMA,1068
4,73,REFORMA,1068
4,73,REFORMA,1069
4,73,REFORMA,1069
4,73,REFORMA,2086
4,73,REFORMA,2086
4,73,REFORMA,2086
4,73,REFORMA,2086
4,73,REFORMA,2086
4,73,REFORMA,2086
4,73,REFORMA,2086
4,73,REFORMA,2086
4,73,REFORMA,2086
4,73,REFORMA,2086
4,73,REFORMA,2086
4,73,REFORMA,2086
4,73,REFORMA,2086
4,73,REFORMA,2086
4,73,REFORMA,2086
4,73,REFORMA,2086
4,73,REFORMA,2086
4,73,REFORMA,2086
4,73,REFORMA,2086
4,73,REFORMA,2086
4,73,REFORMA,2087
4,73,REFORMA,2087
4,73,REFORMA,2087
4,73,REFORMA,2087
4,73,REFORMA,2087
4,73,REFORMA,2087
4,73,REFORMA,2087
4,73,REFORMA,2087
4,73,REFORMA,2087
4,73,REFORMA,2087
4,73,REFORMA,2087
4,73,REFORMA,2087
4,73,REFORMA,2087
4,73,REFORMA,2088
4,73,REFORMA,2088
4,73,REFORMA,2088
4,73,REFORMA,2088
4,73,REFORMA,2088
4,73,REFORMA,2088
4,78,SAN FERNANDO,1165
4,78,SAN FERNANDO,1165
4,78,SAN FERNANDO,1165
4,78,SAN FERNANDO,1165
4,78,SAN FERNANDO,1165
4,78,SAN FERNANDO,1165
4,78,SAN FERNANDO,1165
4,78,SAN FERNANDO,1165
4,78,SAN FERNANDO,1165
4,78,SAN FERNANDO,1165
4,78,SAN FERNANDO,1166
4,78,SAN FERNANDO,1166
4,78,SAN FERNANDO,1166
4,78,SAN FERNANDO,1166
4,78,SAN FERNANDO,1166
4,78,SAN FERNANDO,1166
4,78,SAN FERNANDO,1167
4,78,SAN FERNANDO,1167
4,78,SAN FERNANDO,1167
4,78,SAN FERNANDO,1167
4,78,SAN FERNANDO,1167
4,78,SAN FERNANDO,1167
4,78,SAN FERNANDO,1167
4,78,SAN FERNANDO,1170
4,78,SAN FERNANDO,1171
4,78,SAN FERNANDO,1172
4,78,SAN FERNANDO,1172
4,78,SAN FERNANDO,1173
4,78,SAN FERNANDO,1174
4,78,SAN FERNANDO,1175
4,78,SAN FERNANDO,1176
4,78,SAN FERNANDO,1176
4,78,SAN FERNANDO,2089
4,78,SAN FERNANDO,2089
4,78,SAN FERNANDO,2089
4,78,SAN FERNANDO,2090
4,78,SAN FERNANDO,2090
4,78,SAN FERNANDO,2293
4,78,SAN FERNANDO,2293
4,78,SAN FERNANDO,2293
4,78,SAN FERNANDO,2293
4,78,SAN FERNANDO,2293
4,78,SAN FERNANDO,2293
4,78,SAN FERNANDO,2293
4,78,SAN FERNANDO,2293
4,78,SAN FERNANDO,2294
4,85,SOLOSUCHIAPA,1233
4,85,SOLOSUCHIAPA,1233
4,85,SOLOSUCHIAPA,1233
4,85,SOLOSUCHIAPA,1233
4,85,SOLOSUCHIAPA,1234
4,85,SOLOSUCHIAPA,1235
4,85,SOLOSUCHIAPA,1235
4,85,SOLOSUCHIAPA,1235
4,85,SOLOSUCHIAPA,1235
4,89,SUNUAPA,1264
4,89,SUNUAPA,1264
4,89,SUNUAPA,1264
4,89,SUNUAPA,1264
4,89,SUNUAPA,1264
4,91,TAPALAPA,1404
4,91,TAPALAPA,1404
4,91,TAPALAPA,1404
4,91,TAPALAPA,1404
4,91,TAPALAPA,1404
4,91,TAPALAPA,1404
4,91,TAPALAPA,1404
4,91,TAPALAPA,1404
4,91,TAPALAPA,1405
4,92,TAPILULA,1406
4,92,TAPILULA,1406
4,92,TAPILULA,1406
4,92,TAPILULA,1406
4,92,TAPILULA,1406
4,92,TAPILULA,1406
4,92,TAPILULA,1406
4,92,TAPILULA,1406
4,92,TAPILULA,1406
4,92,TAPILULA,1406
4,92,TAPILULA,1407
4,92,TAPILULA,1407
4,92,TAPILULA,1408
4,92,TAPILULA,1408
4,92,TAPILULA,1408
4,92,TAPILULA,1408
4,92,TAPILULA,1409
4,92,TAPILULA,1409
4,92,TAPILULA,1409
4,92,TAPILULA,1409
4,92,TAPILULA,1409
4,92,TAPILULA,1409
4,93,TECPATAN,1411
4,93,TECPATAN,1411
4,93,TECPATAN,1411
4,93,TECPATAN,1411
4,93,TECPATAN,1411
4,93,TECPATAN,1411
4,93,TECPATAN,1411
4,93,TECPATAN,1411
4,93,TECPATAN,1412
4,93,TECPATAN,1412
4,93,TECPATAN,1412
4,93,TECPATAN,1413
4,93,TECPATAN,1413
4,93,TECPATAN,1413
4,93,TECPATAN,1413
4,93,TECPATAN,1413
4,93,TECPATAN,1413
4,93,TECPATAN,1413
4,93,TECPATAN,1416
4,93,TECPATAN,1417
4,93,TECPATAN,1418
4,93,TECPATAN,1418
4,93,TECPATAN,1422
4,93,TECPATAN,1422
4,93,TECPATAN,1423
4,93,TECPATAN,1426
4,93,TECPATAN,1427
4,93,TECPATAN,1437
4,120,RINCON CHAMULA SAN PEDRO,1045
4,120,RINCON CHAMULA SAN PEDRO,1045
4,120,RINCON CHAMULA SAN PEDRO,1045
4,120,RINCON CHAMULA SAN PEDRO,1045
4,120,RINCON CHAMULA SAN PEDRO,1045
4,120,RINCON CHAMULA SAN PEDRO,1045
4,120,RINCON CHAMULA SAN PEDRO,1045
4,120,RINCON CHAMULA SAN PEDRO,1046
4,120,RINCON CHAMULA SAN PEDRO,1046
4,120,RINCON CHAMULA SAN PEDRO,1046
4,120,RINCON CHAMULA SAN PEDRO,1046
4,120,RINCON CHAMULA SAN PEDRO,1046
4,120,RINCON CHAMULA SAN PEDRO,1046
4,123,MEZCALAPA,1414
4,123,MEZCALAPA,1414
4,123,MEZCALAPA,1415
4,123,MEZCALAPA,1419
4,123,MEZCALAPA,1421
4,123,MEZCALAPA,1428
4,123,MEZCALAPA,1429
4,123,MEZCALAPA,1429
4,123,MEZCALAPA,1429
4,123,MEZCALAPA,1429
4,123,MEZCALAPA,1429
4,123,MEZCALAPA,1430
4,123,MEZCALAPA,1430
4,123,MEZCALAPA,1430
4,123,MEZCALAPA,1430
4,123,MEZCALAPA,1430
4,123,MEZCALAPA,1430
4,123,MEZCALAPA,1430
4,123,MEZCALAPA,1430
4,123,MEZCALAPA,1431
4,123,MEZCALAPA,1431
4,123,MEZCALAPA,1431
4,123,MEZCALAPA,1431
4,123,MEZCALAPA,1431
4,123,MEZCALAPA,1431
4,123,MEZCALAPA,1431
4,123,MEZCALAPA,1431
4,123,MEZCALAPA,1431
4,123,MEZCALAPA,1432
4,123,MEZCALAPA,1432
4,123,MEZCALAPA,1432
4,123,MEZCALAPA,1432
4,123,MEZCALAPA,1432
4,123,MEZCALAPA,1432
4,123,MEZCALAPA,1432
4,123,MEZCALAPA,1432
4,123,MEZCALAPA,1432
4,123,MEZCALAPA,1432
4,123,MEZCALAPA,1432
4,123,MEZCALAPA,1433
4,123,MEZCALAPA,1433
4,123,MEZCALAPA,1433
5,23,CHAMULA,336
5,23,CHAMULA,336
5,23,CHAMULA,336
5,23,CHAMULA,337
5,23,CHAMULA,337
5,23,CHAMULA,337
5,23,CHAMULA,337
5,23,CHAMULA,337
5,23,CHAMULA,337
5,23,CHAMULA,338
5,23,CHAMULA,339
5,23,CHAMULA,339
5,23,CHAMULA,339
5,23,CHAMULA,339
5,23,CHAMULA,343
5,23,CHAMULA,356
5,23,CHAMULA,360
5,23,CHAMULA,364
5,23,CHAMULA,364
5,23,CHAMULA,364
5,23,CHAMULA,364
5,23,CHAMULA,364
5,23,CHAMULA,366
5,23,CHAMULA,366
5,23,CHAMULA,366
5,23,CHAMULA,366
5,23,CHAMULA,366
5,23,CHAMULA,366
5,23,CHAMULA,366
5,23,CHAMULA,367
5,23,CHAMULA,368
5,23,CHAMULA,369
5,23,CHAMULA,369
5,23,CHAMULA,371
5,23,CHAMULA,374
5,23,CHAMULA,374
5,23,CHAMULA,374
5,23,CHAMULA,374
5,77,SAN CRISTOBAL DE LAS CASAS,1116
5,77,SAN CRISTOBAL DE LAS CASAS,1116
5,77,SAN CRISTOBAL DE LAS CASAS,1116
5,77,SAN CRISTOBAL DE LAS CASAS,1116
5,77,SAN CRISTOBAL DE LAS CASAS,1116
5,77,SAN CRISTOBAL DE LAS CASAS,1116
5,77,SAN CRISTOBAL DE LAS CASAS,1116
5,77,SAN CRISTOBAL DE LAS CASAS,1116
5,77,SAN CRISTOBAL DE LAS CASAS,1116
5,77,SAN CRISTOBAL DE LAS CASAS,1116
5,77,SAN CRISTOBAL DE LAS CASAS,1116
5,77,SAN CRISTOBAL DE LAS CASAS,1116
5,77,SAN CRISTOBAL DE LAS CASAS,1116
5,77,SAN CRISTOBAL DE LAS CASAS,1116
5,77,SAN CRISTOBAL DE LAS CASAS,1117
5,77,SAN CRISTOBAL DE LAS CASAS,1117
5,77,SAN CRISTOBAL DE LAS CASAS,1117
5,77,SAN CRISTOBAL DE LAS CASAS,1117
5,77,SAN CRISTOBAL DE LAS CASAS,1117
5,77,SAN CRISTOBAL DE LAS CASAS,1117
5,77,SAN CRISTOBAL DE LAS CASAS,1117
5,77,SAN CRISTOBAL DE LAS CASAS,1117
5,77,SAN CRISTOBAL DE LAS CASAS,1117
5,77,SAN CRISTOBAL DE LAS CASAS,1117
5,77,SAN CRISTOBAL DE LAS CASAS,1117
5,77,SAN CRISTOBAL DE LAS CASAS,1117
5,77,SAN CRISTOBAL DE LAS CASAS,1117
5,77,SAN CRISTOBAL DE LAS CASAS,1117
5,77,SAN CRISTOBAL DE LAS CASAS,1117
5,77,SAN CRISTOBAL DE LAS CASAS,1118
5,77,SAN CRISTOBAL DE LAS CASAS,1118
5,77,SAN CRISTOBAL DE LAS CASAS,1118
5,77,SAN CRISTOBAL DE LAS CASAS,1118
5,77,SAN CRISTOBAL DE LAS CASAS,1118
5,77,SAN CRISTOBAL DE LAS CASAS,1119
5,77,SAN CRISTOBAL DE LAS CASAS,1119
5,77,SAN CRISTOBAL DE LAS CASAS,1119
5,77,SAN CRISTOBAL DE LAS CASAS,1119
5,77,SAN CRISTOBAL DE LAS CASAS,1119
5,77,SAN CRISTOBAL DE LAS CASAS,1119
5,77,SAN CRISTOBAL DE LAS CASAS,1119
5,77,SAN CRISTOBAL DE LAS CASAS,1119
5,77,SAN CRISTOBAL DE LAS CASAS,1119
5,77,SAN CRISTOBAL DE LAS CASAS,1119
5,77,SAN CRISTOBAL DE LAS CASAS,1119
5,77,SAN CRISTOBAL DE LAS CASAS,1119
5,77,SAN CRISTOBAL DE LAS CASAS,1119
5,77,SAN CRISTOBAL DE LAS CASAS,1119
5,77,SAN CRISTOBAL DE LAS CASAS,1120
5,77,SAN CRISTOBAL DE LAS CASAS,1120
5,77,SAN CRISTOBAL DE LAS CASAS,1120
5,77,SAN CRISTOBAL DE LAS CASAS,1120
5,77,SAN CRISTOBAL DE LAS CASAS,1120
5,77,SAN CRISTOBAL DE LAS CASAS,1120
5,77,SAN CRISTOBAL DE LAS CASAS,1121
5,77,SAN CRISTOBAL DE LAS CASAS,1121
5,77,SAN CRISTOBAL DE LAS CASAS,1121
5,77,SAN CRISTOBAL DE LAS CASAS,1121
5,77,SAN CRISTOBAL DE LAS CASAS,1121
5,77,SAN CRISTOBAL DE LAS CASAS,1121
5,77,SAN CRISTOBAL DE LAS CASAS,1121
5,77,SAN CRISTOBAL DE LAS CASAS,1121
5,77,SAN CRISTOBAL DE LAS CASAS,1121
5,77,SAN CRISTOBAL DE LAS CASAS,1121
5,77,SAN CRISTOBAL DE LAS CASAS,1121
5,77,SAN CRISTOBAL DE LAS CASAS,1121
5,77,SAN CRISTOBAL DE LAS CASAS,1121
5,77,SAN CRISTOBAL DE LAS CASAS,1122
5,77,SAN CRISTOBAL DE LAS CASAS,1122
5,77,SAN CRISTOBAL DE LAS CASAS,1122
5,77,SAN CRISTOBAL DE LAS CASAS,1122
5,77,SAN CRISTOBAL DE LAS CASAS,1122
5,77,SAN CRISTOBAL DE LAS CASAS,1122
5,77,SAN CRISTOBAL DE LAS CASAS,1122
5,77,SAN CRISTOBAL DE LAS CASAS,1123
5,77,SAN CRISTOBAL DE LAS CASAS,1123
5,77,SAN CRISTOBAL DE LAS CASAS,1123
5,77,SAN CRISTOBAL DE LAS CASAS,1124
5,77,SAN CRISTOBAL DE LAS CASAS,1124
5,77,SAN CRISTOBAL DE LAS CASAS,1124
5,77,SAN CRISTOBAL DE LAS CASAS,1124
5,77,SAN CRISTOBAL DE LAS CASAS,1125
5,77,SAN CRISTOBAL DE LAS CASAS,1125
5,77,SAN CRISTOBAL DE LAS CASAS,1125
5,77,SAN CRISTOBAL DE LAS CASAS,1125
5,77,SAN CRISTOBAL DE LAS CASAS,1125
5,77,SAN CRISTOBAL DE LAS CASAS,1126
5,77,SAN CRISTOBAL DE LAS CASAS,1126
5,77,SAN CRISTOBAL DE LAS CASAS,1126
5,77,SAN CRISTOBAL DE LAS CASAS,1126
5,77,SAN CRISTOBAL DE LAS CASAS,1126
5,77,SAN CRISTOBAL DE LAS CASAS,1126
5,77,SAN CRISTOBAL DE LAS CASAS,1127
5,77,SAN CRISTOBAL DE LAS CASAS,1127
5,77,SAN CRISTOBAL DE LAS CASAS,1127
5,77,SAN CRISTOBAL DE LAS CASAS,1127
5,77,SAN CRISTOBAL DE LAS CASAS,1127
5,77,SAN CRISTOBAL DE LAS CASAS,1127
5,77,SAN CRISTOBAL DE LAS CASAS,1127
5,77,SAN CRISTOBAL DE LAS CASAS,1129
5,77,SAN CRISTOBAL DE LAS CASAS,1129
5,77,SAN CRISTOBAL DE LAS CASAS,1129
5,77,SAN CRISTOBAL DE LAS CASAS,1129
5,77,SAN CRISTOBAL DE LAS CASAS,1129
5,77,SAN CRISTOBAL DE LAS CASAS,1129
5,77,SAN CRISTOBAL DE LAS CASAS,1129
5,77,SAN CRISTOBAL DE LAS CASAS,1129
5,77,SAN CRISTOBAL DE LAS CASAS,1129
5,77,SAN CRISTOBAL DE LAS CASAS,1130
5,77,SAN CRISTOBAL DE LAS CASAS,1130
5,77,SAN CRISTOBAL DE LAS CASAS,1130
5,77,SAN CRISTOBAL DE LAS CASAS,1130
5,77,SAN CRISTOBAL DE LAS CASAS,1130
5,77,SAN CRISTOBAL DE LAS CASAS,1130
5,77,SAN CRISTOBAL DE LAS CASAS,1130
5,77,SAN CRISTOBAL DE LAS CASAS,1131
5,77,SAN CRISTOBAL DE LAS CASAS,1131
5,77,SAN CRISTOBAL DE LAS CASAS,1131
5,77,SAN CRISTOBAL DE LAS CASAS,1131
5,77,SAN CRISTOBAL DE LAS CASAS,1131
5,77,SAN CRISTOBAL DE LAS CASAS,1131
5,77,SAN CRISTOBAL DE LAS CASAS,1131
5,77,SAN CRISTOBAL DE LAS CASAS,1131
5,77,SAN CRISTOBAL DE LAS CASAS,1131
5,77,SAN CRISTOBAL DE LAS CASAS,1131
5,77,SAN CRISTOBAL DE LAS CASAS,1131
5,77,SAN CRISTOBAL DE LAS CASAS,1131
5,77,SAN CRISTOBAL DE LAS CASAS,1131
5,77,SAN CRISTOBAL DE LAS CASAS,1131
5,77,SAN CRISTOBAL DE LAS CASAS,1131
5,77,SAN CRISTOBAL DE LAS CASAS,1131
5,77,SAN CRISTOBAL DE LAS CASAS,1131
5,77,SAN CRISTOBAL DE LAS CASAS,1131
5,77,SAN CRISTOBAL DE LAS CASAS,1131
5,77,SAN CRISTOBAL DE LAS CASAS,1131
5,77,SAN CRISTOBAL DE LAS CASAS,1131
5,77,SAN CRISTOBAL DE LAS CASAS,1131
5,77,SAN CRISTOBAL DE LAS CASAS,1131
5,77,SAN CRISTOBAL DE LAS CASAS,1131
5,77,SAN CRISTOBAL DE LAS CASAS,1131
5,77,SAN CRISTOBAL DE LAS CASAS,1131
5,77,SAN CRISTOBAL DE LAS CASAS,1131
5,77,SAN CRISTOBAL DE LAS CASAS,1131
5,77,SAN CRISTOBAL DE LAS CASAS,1131
5,77,SAN CRISTOBAL DE LAS CASAS,1131
5,77,SAN CRISTOBAL DE LAS CASAS,1131
5,77,SAN CRISTOBAL DE LAS CASAS,1131
5,77,SAN CRISTOBAL DE LAS CASAS,1132
5,77,SAN CRISTOBAL DE LAS CASAS,1132
5,77,SAN CRISTOBAL DE LAS CASAS,1133
5,77,SAN CRISTOBAL DE LAS CASAS,1133
5,77,SAN CRISTOBAL DE LAS CASAS,1133
5,77,SAN CRISTOBAL DE LAS CASAS,1134
5,77,SAN CRISTOBAL DE LAS CASAS,1134
5,77,SAN CRISTOBAL DE LAS CASAS,1134
5,77,SAN CRISTOBAL DE LAS CASAS,1134
5,77,SAN CRISTOBAL DE LAS CASAS,1135
5,77,SAN CRISTOBAL DE LAS CASAS,1135
5,77,SAN CRISTOBAL DE LAS CASAS,1135
5,77,SAN CRISTOBAL DE LAS CASAS,1136
5,77,SAN CRISTOBAL DE LAS CASAS,1136
5,77,SAN CRISTOBAL DE LAS CASAS,1136
5,77,SAN CRISTOBAL DE LAS CASAS,1136
5,77,SAN CRISTOBAL DE LAS CASAS,1136
5,77,SAN CRISTOBAL DE LAS CASAS,1136
5,77,SAN CRISTOBAL DE LAS CASAS,1136
5,77,SAN CRISTOBAL DE LAS CASAS,1136
5,77,SAN CRISTOBAL DE LAS CASAS,1136
5,77,SAN CRISTOBAL DE LAS CASAS,1137
5,77,SAN CRISTOBAL DE LAS CASAS,1138
5,77,SAN CRISTOBAL DE LAS CASAS,1139
5,77,SAN CRISTOBAL DE LAS CASAS,1139
5,77,SAN CRISTOBAL DE LAS CASAS,1140
5,77,SAN CRISTOBAL DE LAS CASAS,1140
5,77,SAN CRISTOBAL DE LAS CASAS,1141
5,77,SAN CRISTOBAL DE LAS CASAS,1141
5,77,SAN CRISTOBAL DE LAS CASAS,1141
5,77,SAN CRISTOBAL DE LAS CASAS,1141
5,77,SAN CRISTOBAL DE LAS CASAS,1142
5,77,SAN CRISTOBAL DE LAS CASAS,1142
5,77,SAN CRISTOBAL DE LAS CASAS,1142
5,77,SAN CRISTOBAL DE LAS CASAS,1142
5,77,SAN CRISTOBAL DE LAS CASAS,1142
5,77,SAN CRISTOBAL DE LAS CASAS,1142
5,77,SAN CRISTOBAL DE LAS CASAS,1142
5,77,SAN CRISTOBAL DE LAS CASAS,1142
5,77,SAN CRISTOBAL DE LAS CASAS,1143
5,77,SAN CRISTOBAL DE LAS CASAS,1143
5,77,SAN CRISTOBAL DE LAS CASAS,1143
5,77,SAN CRISTOBAL DE LAS CASAS,1143
5,77,SAN CRISTOBAL DE LAS CASAS,1143
5,77,SAN CRISTOBAL DE LAS CASAS,1143
5,77,SAN CRISTOBAL DE LAS CASAS,1143
5,77,SAN CRISTOBAL DE LAS CASAS,1143
5,77,SAN CRISTOBAL DE LAS CASAS,1143
5,77,SAN CRISTOBAL DE LAS CASAS,1143
5,77,SAN CRISTOBAL DE LAS CASAS,1143
5,77,SAN CRISTOBAL DE LAS CASAS,1143
5,77,SAN CRISTOBAL DE LAS CASAS,1143
5,77,SAN CRISTOBAL DE LAS CASAS,1143
5,77,SAN CRISTOBAL DE LAS CASAS,1144
5,77,SAN CRISTOBAL DE LAS CASAS,1144
5,77,SAN CRISTOBAL DE LAS CASAS,1144
5,77,SAN CRISTOBAL DE LAS CASAS,1144
5,77,SAN CRISTOBAL DE LAS CASAS,1144
5,77,SAN CRISTOBAL DE LAS CASAS,1144
5,77,SAN CRISTOBAL DE LAS CASAS,1144
5,77,SAN CRISTOBAL DE LAS CASAS,1144
5,77,SAN CRISTOBAL DE LAS CASAS,1144
5,77,SAN CRISTOBAL DE LAS CASAS,1144
5,77,SAN CRISTOBAL DE LAS CASAS,1144
5,77,SAN CRISTOBAL DE LAS CASAS,1144
5,77,SAN CRISTOBAL DE LAS CASAS,1144
5,77,SAN CRISTOBAL DE LAS CASAS,1144
5,77,SAN CRISTOBAL DE LAS CASAS,1144
5,77,SAN CRISTOBAL DE LAS CASAS,1144
5,77,SAN CRISTOBAL DE LAS CASAS,1144
5,77,SAN CRISTOBAL DE LAS CASAS,1144
5,77,SAN CRISTOBAL DE LAS CASAS,1144
5,77,SAN CRISTOBAL DE LAS CASAS,1144
5,77,SAN CRISTOBAL DE LAS CASAS,1144
5,77,SAN CRISTOBAL DE LAS CASAS,1144
5,77,SAN CRISTOBAL DE LAS CASAS,1145
5,77,SAN CRISTOBAL DE LAS CASAS,1145
5,77,SAN CRISTOBAL DE LAS CASAS,1145
5,77,SAN CRISTOBAL DE LAS CASAS,1145
5,77,SAN CRISTOBAL DE LAS CASAS,1145
5,77,SAN CRISTOBAL DE LAS CASAS,1145
5,77,SAN CRISTOBAL DE LAS CASAS,1145
5,77,SAN CRISTOBAL DE LAS CASAS,1145
5,77,SAN CRISTOBAL DE LAS CASAS,1145
5,77,SAN CRISTOBAL DE LAS CASAS,1145
5,77,SAN CRISTOBAL DE LAS CASAS,1146
5,77,SAN CRISTOBAL DE LAS CASAS,1146
5,77,SAN CRISTOBAL DE LAS CASAS,1147
5,77,SAN CRISTOBAL DE LAS CASAS,1148
5,77,SAN CRISTOBAL DE LAS CASAS,1148
5,77,SAN CRISTOBAL DE LAS CASAS,1148
5,77,SAN CRISTOBAL DE LAS CASAS,1148
5,77,SAN CRISTOBAL DE LAS CASAS,1148
5,77,SAN CRISTOBAL DE LAS CASAS,1148
5,77,SAN CRISTOBAL DE LAS CASAS,1148
5,77,SAN CRISTOBAL DE LAS CASAS,1149
5,77,SAN CRISTOBAL DE LAS CASAS,1149
5,77,SAN CRISTOBAL DE LAS CASAS,1149
5,77,SAN CRISTOBAL DE LAS CASAS,1149
5,77,SAN CRISTOBAL DE LAS CASAS,1150
5,77,SAN CRISTOBAL DE LAS CASAS,1150
5,77,SAN CRISTOBAL DE LAS CASAS,1150
5,77,SAN CRISTOBAL DE LAS CASAS,1150
5,77,SAN CRISTOBAL DE LAS CASAS,1150
5,77,SAN CRISTOBAL DE LAS CASAS,1150
5,77,SAN CRISTOBAL DE LAS CASAS,1150
5,77,SAN CRISTOBAL DE LAS CASAS,1150
5,77,SAN CRISTOBAL DE LAS CASAS,1150
5,77,SAN CRISTOBAL DE LAS CASAS,1150
5,77,SAN CRISTOBAL DE LAS CASAS,1150
5,77,SAN CRISTOBAL DE LAS CASAS,1150
5,77,SAN CRISTOBAL DE LAS CASAS,1150
5,77,SAN CRISTOBAL DE LAS CASAS,1150
5,77,SAN CRISTOBAL DE LAS CASAS,1150
5,77,SAN CRISTOBAL DE LAS CASAS,1150
5,77,SAN CRISTOBAL DE LAS CASAS,1150
5,77,SAN CRISTOBAL DE LAS CASAS,1150
5,77,SAN CRISTOBAL DE LAS CASAS,1150
5,77,SAN CRISTOBAL DE LAS CASAS,1150
5,77,SAN CRISTOBAL DE LAS CASAS,1150
5,77,SAN CRISTOBAL DE LAS CASAS,1150
5,77,SAN CRISTOBAL DE LAS CASAS,1150
5,77,SAN CRISTOBAL DE LAS CASAS,1150
5,77,SAN CRISTOBAL DE LAS CASAS,1150
5,77,SAN CRISTOBAL DE LAS CASAS,1150
5,77,SAN CRISTOBAL DE LAS CASAS,1150
5,77,SAN CRISTOBAL DE LAS CASAS,1150
5,77,SAN CRISTOBAL DE LAS CASAS,1150
5,77,SAN CRISTOBAL DE LAS CASAS,1150
5,77,SAN CRISTOBAL DE LAS CASAS,1150
5,77,SAN CRISTOBAL DE LAS CASAS,1151
5,77,SAN CRISTOBAL DE LAS CASAS,1151
5,77,SAN CRISTOBAL DE LAS CASAS,1151
5,77,SAN CRISTOBAL DE LAS CASAS,1151
5,77,SAN CRISTOBAL DE LAS CASAS,1151
5,77,SAN CRISTOBAL DE LAS CASAS,1151
5,77,SAN CRISTOBAL DE LAS CASAS,1151
5,77,SAN CRISTOBAL DE LAS CASAS,1151
5,77,SAN CRISTOBAL DE LAS CASAS,1151
5,77,SAN CRISTOBAL DE LAS CASAS,1151
5,77,SAN CRISTOBAL DE LAS CASAS,1151
5,77,SAN CRISTOBAL DE LAS CASAS,1151
5,77,SAN CRISTOBAL DE LAS CASAS,1151
5,77,SAN CRISTOBAL DE LAS CASAS,1151
5,77,SAN CRISTOBAL DE LAS CASAS,1151
5,77,SAN CRISTOBAL DE LAS CASAS,1151
5,77,SAN CRISTOBAL DE LAS CASAS,1151
5,77,SAN CRISTOBAL DE LAS CASAS,1151
5,77,SAN CRISTOBAL DE LAS CASAS,1151
5,77,SAN CRISTOBAL DE LAS CASAS,1151
5,77,SAN CRISTOBAL DE LAS CASAS,1151
5,77,SAN CRISTOBAL DE LAS CASAS,1151
5,77,SAN CRISTOBAL DE LAS CASAS,1151
5,77,SAN CRISTOBAL DE LAS CASAS,1151
5,77,SAN CRISTOBAL DE LAS CASAS,1151
5,77,SAN CRISTOBAL DE LAS CASAS,1151
5,77,SAN CRISTOBAL DE LAS CASAS,1151
5,77,SAN CRISTOBAL DE LAS CASAS,1151
5,77,SAN CRISTOBAL DE LAS CASAS,1151
5,77,SAN CRISTOBAL DE LAS CASAS,1151
5,77,SAN CRISTOBAL DE LAS CASAS,1151
5,77,SAN CRISTOBAL DE LAS CASAS,1151
5,77,SAN CRISTOBAL DE LAS CASAS,1151
5,77,SAN CRISTOBAL DE LAS CASAS,1151
5,77,SAN CRISTOBAL DE LAS CASAS,1151
5,77,SAN CRISTOBAL DE LAS CASAS,1151
5,77,SAN CRISTOBAL DE LAS CASAS,1151
5,77,SAN CRISTOBAL DE LAS CASAS,1151
5,77,SAN CRISTOBAL DE LAS CASAS,1151
5,77,SAN CRISTOBAL DE LAS CASAS,1151
5,77,SAN CRISTOBAL DE LAS CASAS,1151
5,77,SAN CRISTOBAL DE LAS CASAS,1151
5,77,SAN CRISTOBAL DE LAS CASAS,1151
5,77,SAN CRISTOBAL DE LAS CASAS,1151
5,77,SAN CRISTOBAL DE LAS CASAS,1151
5,77,SAN CRISTOBAL DE LAS CASAS,1152
5,77,SAN CRISTOBAL DE LAS CASAS,1152
5,77,SAN CRISTOBAL DE LAS CASAS,1152
5,77,SAN CRISTOBAL DE LAS CASAS,1152
5,77,SAN CRISTOBAL DE LAS CASAS,1153
5,77,SAN CRISTOBAL DE LAS CASAS,1153
5,77,SAN CRISTOBAL DE LAS CASAS,1154
5,77,SAN CRISTOBAL DE LAS CASAS,1154
5,77,SAN CRISTOBAL DE LAS CASAS,1154
5,77,SAN CRISTOBAL DE LAS CASAS,1154
5,77,SAN CRISTOBAL DE LAS CASAS,1154
5,77,SAN CRISTOBAL DE LAS CASAS,1154
5,77,SAN CRISTOBAL DE LAS CASAS,1155
5,77,SAN CRISTOBAL DE LAS CASAS,1155
5,77,SAN CRISTOBAL DE LAS CASAS,1156
5,77,SAN CRISTOBAL DE LAS CASAS,1156
5,77,SAN CRISTOBAL DE LAS CASAS,1156
5,77,SAN CRISTOBAL DE LAS CASAS,1156
5,77,SAN CRISTOBAL DE LAS CASAS,1156
5,77,SAN CRISTOBAL DE LAS CASAS,1157
5,77,SAN CRISTOBAL DE LAS CASAS,1158
5,77,SAN CRISTOBAL DE LAS CASAS,1158
5,77,SAN CRISTOBAL DE LAS CASAS,1158
5,77,SAN CRISTOBAL DE LAS CASAS,1158
5,77,SAN CRISTOBAL DE LAS CASAS,1160
5,77,SAN CRISTOBAL DE LAS CASAS,1160
5,77,SAN CRISTOBAL DE LAS CASAS,1160
5,77,SAN CRISTOBAL DE LAS CASAS,1160
5,77,SAN CRISTOBAL DE LAS CASAS,1160
5,77,SAN CRISTOBAL DE LAS CASAS,1160
5,77,SAN CRISTOBAL DE LAS CASAS,1160
5,77,SAN CRISTOBAL DE LAS CASAS,1160
5,77,SAN CRISTOBAL DE LAS CASAS,1161
5,77,SAN CRISTOBAL DE LAS CASAS,1163
5,77,SAN CRISTOBAL DE LAS CASAS,2094
5,77,SAN CRISTOBAL DE LAS CASAS,2094
5,77,SAN CRISTOBAL DE LAS CASAS,2094
5,77,SAN CRISTOBAL DE LAS CASAS,2094
5,77,SAN CRISTOBAL DE LAS CASAS,2094
5,77,SAN CRISTOBAL DE LAS CASAS,2095
5,77,SAN CRISTOBAL DE LAS CASAS,2095
5,77,SAN CRISTOBAL DE LAS CASAS,2095
5,77,SAN CRISTOBAL DE LAS CASAS,2095
5,77,SAN CRISTOBAL DE LAS CASAS,2095
5,77,SAN CRISTOBAL DE LAS CASAS,2096
5,77,SAN CRISTOBAL DE LAS CASAS,2096
5,77,SAN CRISTOBAL DE LAS CASAS,2096
5,77,SAN CRISTOBAL DE LAS CASAS,2096
5,77,SAN CRISTOBAL DE LAS CASAS,2096
5,77,SAN CRISTOBAL DE LAS CASAS,2096
5,77,SAN CRISTOBAL DE LAS CASAS,2097
5,77,SAN CRISTOBAL DE LAS CASAS,2097
5,77,SAN CRISTOBAL DE LAS CASAS,2097
5,77,SAN CRISTOBAL DE LAS CASAS,2097
5,77,SAN CRISTOBAL DE LAS CASAS,2097
5,77,SAN CRISTOBAL DE LAS CASAS,2097
5,77,SAN CRISTOBAL DE LAS CASAS,2097
5,77,SAN CRISTOBAL DE LAS CASAS,2097
5,77,SAN CRISTOBAL DE LAS CASAS,2097
5,77,SAN CRISTOBAL DE LAS CASAS,2097
5,77,SAN CRISTOBAL DE LAS CASAS,2097
5,77,SAN CRISTOBAL DE LAS CASAS,2097
5,77,SAN CRISTOBAL DE LAS CASAS,2097
5,77,SAN CRISTOBAL DE LAS CASAS,2097
5,77,SAN CRISTOBAL DE LAS CASAS,2097
5,77,SAN CRISTOBAL DE LAS CASAS,2097
5,77,SAN CRISTOBAL DE LAS CASAS,2097
5,77,SAN CRISTOBAL DE LAS CASAS,2097
5,77,SAN CRISTOBAL DE LAS CASAS,2097
5,77,SAN CRISTOBAL DE LAS CASAS,2098
5,77,SAN CRISTOBAL DE LAS CASAS,2098
5,77,SAN CRISTOBAL DE LAS CASAS,2098
5,77,SAN CRISTOBAL DE LAS CASAS,2098
5,77,SAN CRISTOBAL DE LAS CASAS,2098
5,77,SAN CRISTOBAL DE LAS CASAS,2098
5,77,SAN CRISTOBAL DE LAS CASAS,2186
5,77,SAN CRISTOBAL DE LAS CASAS,2186
5,77,SAN CRISTOBAL DE LAS CASAS,2186
5,77,SAN CRISTOBAL DE LAS CASAS,2186
5,77,SAN CRISTOBAL DE LAS CASAS,2186
5,77,SAN CRISTOBAL DE LAS CASAS,2186
5,77,SAN CRISTOBAL DE LAS CASAS,2186
5,77,SAN CRISTOBAL DE LAS CASAS,2186
5,77,SAN CRISTOBAL DE LAS CASAS,2186
5,77,SAN CRISTOBAL DE LAS CASAS,2186
5,77,SAN CRISTOBAL DE LAS CASAS,2186
5,77,SAN CRISTOBAL DE LAS CASAS,2186
5,77,SAN CRISTOBAL DE LAS CASAS,2186
5,77,SAN CRISTOBAL DE LAS CASAS,2186
5,77,SAN CRISTOBAL DE LAS CASAS,2186
5,77,SAN CRISTOBAL DE LAS CASAS,2186
5,77,SAN CRISTOBAL DE LAS CASAS,2186
5,77,SAN CRISTOBAL DE LAS CASAS,2186
5,77,SAN CRISTOBAL DE LAS CASAS,2186
5,77,SAN CRISTOBAL DE LAS CASAS,2186
5,77,SAN CRISTOBAL DE LAS CASAS,2186
5,77,SAN CRISTOBAL DE LAS CASAS,2186
5,77,SAN CRISTOBAL DE LAS CASAS,2186
5,77,SAN CRISTOBAL DE LAS CASAS,2186
5,77,SAN CRISTOBAL DE LAS CASAS,2186
5,77,SAN CRISTOBAL DE LAS CASAS,2186
5,77,SAN CRISTOBAL DE LAS CASAS,2186
5,77,SAN CRISTOBAL DE LAS CASAS,2186
5,77,SAN CRISTOBAL DE LAS CASAS,2186
5,77,SAN CRISTOBAL DE LAS CASAS,2186
5,77,SAN CRISTOBAL DE LAS CASAS,2186
5,77,SAN CRISTOBAL DE LAS CASAS,2186
5,77,SAN CRISTOBAL DE LAS CASAS,2187
5,77,SAN CRISTOBAL DE LAS CASAS,2187
5,77,SAN CRISTOBAL DE LAS CASAS,2187
5,77,SAN CRISTOBAL DE LAS CASAS,2187
5,77,SAN CRISTOBAL DE LAS CASAS,2187
5,77,SAN CRISTOBAL DE LAS CASAS,2187
5,77,SAN CRISTOBAL DE LAS CASAS,2187
5,77,SAN CRISTOBAL DE LAS CASAS,2187
5,77,SAN CRISTOBAL DE LAS CASAS,2188
5,77,SAN CRISTOBAL DE LAS CASAS,2188
5,77,SAN CRISTOBAL DE LAS CASAS,2188
5,77,SAN CRISTOBAL DE LAS CASAS,2188
5,77,SAN CRISTOBAL DE LAS CASAS,2188
5,77,SAN CRISTOBAL DE LAS CASAS,2188
5,77,SAN CRISTOBAL DE LAS CASAS,2189
5,77,SAN CRISTOBAL DE LAS CASAS,2189
5,77,SAN CRISTOBAL DE LAS CASAS,2189
5,77,SAN CRISTOBAL DE LAS CASAS,2189
5,77,SAN CRISTOBAL DE LAS CASAS,2189
5,77,SAN CRISTOBAL DE LAS CASAS,2189
5,77,SAN CRISTOBAL DE LAS CASAS,2189
5,77,SAN CRISTOBAL DE LAS CASAS,2189
5,77,SAN CRISTOBAL DE LAS CASAS,2189
5,77,SAN CRISTOBAL DE LAS CASAS,2190
5,77,SAN CRISTOBAL DE LAS CASAS,2190
5,77,SAN CRISTOBAL DE LAS CASAS,2190
5,77,SAN CRISTOBAL DE LAS CASAS,2190
5,77,SAN CRISTOBAL DE LAS CASAS,2190
5,77,SAN CRISTOBAL DE LAS CASAS,2190
5,77,SAN CRISTOBAL DE LAS CASAS,2190
5,77,SAN CRISTOBAL DE LAS CASAS,2190
5,77,SAN CRISTOBAL DE LAS CASAS,2190
5,77,SAN CRISTOBAL DE LAS CASAS,2295
5,77,SAN CRISTOBAL DE LAS CASAS,2295
5,77,SAN CRISTOBAL DE LAS CASAS,2295
5,77,SAN CRISTOBAL DE LAS CASAS,2295
5,77,SAN CRISTOBAL DE LAS CASAS,2295
5,77,SAN CRISTOBAL DE LAS CASAS,2295
5,77,SAN CRISTOBAL DE LAS CASAS,2295
5,77,SAN CRISTOBAL DE LAS CASAS,2295
5,77,SAN CRISTOBAL DE LAS CASAS,2295
5,77,SAN CRISTOBAL DE LAS CASAS,2295
5,77,SAN CRISTOBAL DE LAS CASAS,2295
5,77,SAN CRISTOBAL DE LAS CASAS,2295
5,77,SAN CRISTOBAL DE LAS CASAS,2296
5,77,SAN CRISTOBAL DE LAS CASAS,2296
5,77,SAN CRISTOBAL DE LAS CASAS,2296
5,77,SAN CRISTOBAL DE LAS CASAS,2296
5,77,SAN CRISTOBAL DE LAS CASAS,2296
5,77,SAN CRISTOBAL DE LAS CASAS,2296
5,77,SAN CRISTOBAL DE LAS CASAS,2296
5,77,SAN CRISTOBAL DE LAS CASAS,2296
5,77,SAN CRISTOBAL DE LAS CASAS,2296
5,77,SAN CRISTOBAL DE LAS CASAS,2296
5,77,SAN CRISTOBAL DE LAS CASAS,2296
5,77,SAN CRISTOBAL DE LAS CASAS,2296
5,77,SAN CRISTOBAL DE LAS CASAS,2296
5,77,SAN CRISTOBAL DE LAS CASAS,2296
5,77,SAN CRISTOBAL DE LAS CASAS,2296
5,77,SAN CRISTOBAL DE LAS CASAS,2296
5,77,SAN CRISTOBAL DE LAS CASAS,2296
5,77,SAN CRISTOBAL DE LAS CASAS,2296
5,77,SAN CRISTOBAL DE LAS CASAS,2296
5,77,SAN CRISTOBAL DE LAS CASAS,2296
5,77,SAN CRISTOBAL DE LAS CASAS,2296
5,77,SAN CRISTOBAL DE LAS CASAS,2296
5,77,SAN CRISTOBAL DE LAS CASAS,2296
5,77,SAN CRISTOBAL DE LAS CASAS,2296
5,77,SAN CRISTOBAL DE LAS CASAS,2296
5,77,SAN CRISTOBAL DE LAS CASAS,2296
5,77,SAN CRISTOBAL DE LAS CASAS,2296
5,77,SAN CRISTOBAL DE LAS CASAS,2296
5,77,SAN CRISTOBAL DE LAS CASAS,2296
5,77,SAN CRISTOBAL DE LAS CASAS,2296
5,77,SAN CRISTOBAL DE LAS CASAS,2297
5,77,SAN CRISTOBAL DE LAS CASAS,2297
5,77,SAN CRISTOBAL DE LAS CASAS,2297
5,77,SAN CRISTOBAL DE LAS CASAS,2297
5,77,SAN CRISTOBAL DE LAS CASAS,2297
5,77,SAN CRISTOBAL DE LAS CASAS,2297
5,77,SAN CRISTOBAL DE LAS CASAS,2297
5,77,SAN CRISTOBAL DE LAS CASAS,2297
5,77,SAN CRISTOBAL DE LAS CASAS,2297
5,77,SAN CRISTOBAL DE LAS CASAS,2297
5,77,SAN CRISTOBAL DE LAS CASAS,2297
5,77,SAN CRISTOBAL DE LAS CASAS,2297
5,77,SAN CRISTOBAL DE LAS CASAS,2297
5,77,SAN CRISTOBAL DE LAS CASAS,2297
5,77,SAN CRISTOBAL DE LAS CASAS,2297
5,77,SAN CRISTOBAL DE LAS CASAS,2297
5,77,SAN CRISTOBAL DE LAS CASAS,2297
5,77,SAN CRISTOBAL DE LAS CASAS,2297
5,77,SAN CRISTOBAL DE LAS CASAS,2297
5,77,SAN CRISTOBAL DE LAS CASAS,2297
5,77,SAN CRISTOBAL DE LAS CASAS,2297
5,77,SAN CRISTOBAL DE LAS CASAS,2297
5,79,SAN JUAN CANCUC,1178
5,79,SAN JUAN CANCUC,1178
5,79,SAN JUAN CANCUC,1178
5,79,SAN JUAN CANCUC,1178
5,79,SAN JUAN CANCUC,1178
5,79,SAN JUAN CANCUC,1178
5,79,SAN JUAN CANCUC,1178
5,79,SAN JUAN CANCUC,1179
5,79,SAN JUAN CANCUC,1179
5,79,SAN JUAN CANCUC,1179
5,79,SAN JUAN CANCUC,1179
5,79,SAN JUAN CANCUC,1179
5,79,SAN JUAN CANCUC,1179
5,79,SAN JUAN CANCUC,1179
5,79,SAN JUAN CANCUC,1179
5,79,SAN JUAN CANCUC,1179
5,79,SAN JUAN CANCUC,2102
5,94,TENEJAPA,1438
5,94,TENEJAPA,1438
5,94,TENEJAPA,1438
5,94,TENEJAPA,1438
5,94,TENEJAPA,1439
5,94,TENEJAPA,1444
5,94,TENEJAPA,1451
5,94,TENEJAPA,1453
5,111,ZINACANTAN,1915
5,111,ZINACANTAN,1915
5,111,ZINACANTAN,1916
5,111,ZINACANTAN,1916
5,111,ZINACANTAN,1917
5,111,ZINACANTAN,1918
5,111,ZINACANTAN,1918
5,111,ZINACANTAN,1919
5,111,ZINACANTAN,1919
5,111,ZINACANTAN,1919
5,111,ZINACANTAN,1919
5,111,ZINACANTAN,1919
5,111,ZINACANTAN,1919
5,111,ZINACANTAN,1920
5,111,ZINACANTAN,1920
5,111,ZINACANTAN,1920
5,111,ZINACANTAN,1921
5,111,ZINACANTAN,1921
5,111,ZINACANTAN,1921
5,111,ZINACANTAN,1921
5,111,ZINACANTAN,1922
5,111,ZINACANTAN,1923
5,111,ZINACANTAN,1924
5,111,ZINACANTAN,1924
5,111,ZINACANTAN,1924
5,111,ZINACANTAN,1924
5,111,ZINACANTAN,1924
5,111,ZINACANTAN,1925
5,111,ZINACANTAN,1925
5,111,ZINACANTAN,1925
5,111,ZINACANTAN,1926
5,111,ZINACANTAN,1927
5,111,ZINACANTAN,1927
5,111,ZINACANTAN,1927
5,111,ZINACANTAN,1927
5,111,ZINACANTAN,1927
5,111,ZINACANTAN,1927
5,111,ZINACANTAN,1927
5,111,ZINACANTAN,1927
5,111,ZINACANTAN,1927
5,111,ZINACANTAN,1927
5,111,ZINACANTAN,1927
5,111,ZINACANTAN,1927
5,111,ZINACANTAN,1927
5,111,ZINACANTAN,1927
5,111,ZINACANTAN,1927
5,111,ZINACANTAN,1929
5,111,ZINACANTAN,1929
6,2,ACALA,7
6,2,ACALA,7
6,2,ACALA,7
6,2,ACALA,7
6,2,ACALA,8
6,2,ACALA,8
6,2,ACALA,8
6,2,ACALA,8
6,2,ACALA,8
6,2,ACALA,8
6,2,ACALA,8
6,2,ACALA,9
6,2,ACALA,9
6,2,ACALA,9
6,2,ACALA,9
6,2,ACALA,9
6,2,ACALA,9
6,2,ACALA,9
6,2,ACALA,9
6,2,ACALA,9
6,2,ACALA,10
6,2,ACALA,10
6,2,ACALA,10
6,2,ACALA,10
6,2,ACALA,11
6,2,ACALA,11
6,2,ACALA,11
6,2,ACALA,11
6,2,ACALA,12
6,2,ACALA,12
6,2,ACALA,13
6,2,ACALA,13
6,2,ACALA,13
6,2,ACALA,13
6,2,ACALA,13
6,2,ACALA,13
6,2,ACALA,14
6,2,ACALA,19
6,2,ACALA,19
6,2,ACALA,19
6,2,ACALA,19
6,2,ACALA,19
6,27,CHIAPA DE CORZO,403
6,27,CHIAPA DE CORZO,403
6,27,CHIAPA DE CORZO,403
6,27,CHIAPA DE CORZO,403
6,27,CHIAPA DE CORZO,403
6,27,CHIAPA DE CORZO,403
6,27,CHIAPA DE CORZO,403
6,27,CHIAPA DE CORZO,403
6,27,CHIAPA DE CORZO,403
6,27,CHIAPA DE CORZO,403
6,27,CHIAPA DE CORZO,403
6,27,CHIAPA DE CORZO,403
6,27,CHIAPA DE CORZO,404
6,27,CHIAPA DE CORZO,404
6,27,CHIAPA DE CORZO,404
6,27,CHIAPA DE CORZO,404
6,27,CHIAPA DE CORZO,404
6,27,CHIAPA DE CORZO,404
6,27,CHIAPA DE CORZO,404
6,27,CHIAPA DE CORZO,404
6,27,CHIAPA DE CORZO,404
6,27,CHIAPA DE CORZO,404
6,27,CHIAPA DE CORZO,404
6,27,CHIAPA DE CORZO,404
6,27,CHIAPA DE CORZO,404
6,27,CHIAPA DE CORZO,404
6,27,CHIAPA DE CORZO,404
6,27,CHIAPA DE CORZO,404
6,27,CHIAPA DE CORZO,404
6,27,CHIAPA DE CORZO,404
6,27,CHIAPA DE CORZO,404
6,27,CHIAPA DE CORZO,404
6,27,CHIAPA DE CORZO,404
6,27,CHIAPA DE CORZO,404
6,27,CHIAPA DE CORZO,404
6,27,CHIAPA DE CORZO,404
6,27,CHIAPA DE CORZO,404
6,27,CHIAPA DE CORZO,404
6,27,CHIAPA DE CORZO,404
6,27,CHIAPA DE CORZO,404
6,27,CHIAPA DE CORZO,404
6,27,CHIAPA DE CORZO,406
6,27,CHIAPA DE CORZO,406
6,27,CHIAPA DE CORZO,406
6,27,CHIAPA DE CORZO,406
6,27,CHIAPA DE CORZO,407
6,27,CHIAPA DE CORZO,407
6,27,CHIAPA DE CORZO,407
6,27,CHIAPA DE CORZO,407
6,27,CHIAPA DE CORZO,408
6,27,CHIAPA DE CORZO,408
6,27,CHIAPA DE CORZO,408
6,27,CHIAPA DE CORZO,409
6,27,CHIAPA DE CORZO,409
6,27,CHIAPA DE CORZO,409
6,27,CHIAPA DE CORZO,410
6,27,CHIAPA DE CORZO,410
6,27,CHIAPA DE CORZO,410
6,27,CHIAPA DE CORZO,411
6,27,CHIAPA DE CORZO,411
6,27,CHIAPA DE CORZO,411
6,27,CHIAPA DE CORZO,411
6,27,CHIAPA DE CORZO,411
6,27,CHIAPA DE CORZO,411
6,27,CHIAPA DE CORZO,411
6,27,CHIAPA DE CORZO,411
6,27,CHIAPA DE CORZO,411
6,27,CHIAPA DE CORZO,412
6,27,CHIAPA DE CORZO,412
6,27,CHIAPA DE CORZO,412
6,27,CHIAPA DE CORZO,413
6,27,CHIAPA DE CORZO,413
6,27,CHIAPA DE CORZO,413
6,27,CHIAPA DE CORZO,414
6,27,CHIAPA DE CORZO,417
6,27,CHIAPA DE CORZO,417
6,27,CHIAPA DE CORZO,417
6,27,CHIAPA DE CORZO,417
6,27,CHIAPA DE CORZO,418
6,27,CHIAPA DE CORZO,419
6,27,CHIAPA DE CORZO,419
6,27,CHIAPA DE CORZO,422
6,27,CHIAPA DE CORZO,422
6,27,CHIAPA DE CORZO,423
6,27,CHIAPA DE CORZO,424
6,27,CHIAPA DE CORZO,425
6,27,CHIAPA DE CORZO,425
6,27,CHIAPA DE CORZO,426
6,27,CHIAPA DE CORZO,426
6,27,CHIAPA DE CORZO,427
6,27,CHIAPA DE CORZO,428
6,27,CHIAPA DE CORZO,429
6,27,CHIAPA DE CORZO,429
6,27,CHIAPA DE CORZO,430
6,27,CHIAPA DE CORZO,430
6,27,CHIAPA DE CORZO,431
6,27,CHIAPA DE CORZO,431
6,27,CHIAPA DE CORZO,431
6,27,CHIAPA DE CORZO,432
6,27,CHIAPA DE CORZO,432
6,27,CHIAPA DE CORZO,432
6,27,CHIAPA DE CORZO,2104
6,27,CHIAPA DE CORZO,2104
6,27,CHIAPA DE CORZO,2104
6,27,CHIAPA DE CORZO,2104
6,27,CHIAPA DE CORZO,2104
6,27,CHIAPA DE CORZO,2104
6,27,CHIAPA DE CORZO,2104
6,27,CHIAPA DE CORZO,2104
6,27,CHIAPA DE CORZO,2104
6,27,CHIAPA DE CORZO,2105
6,27,CHIAPA DE CORZO,2105
6,27,CHIAPA DE CORZO,2105
6,27,CHIAPA DE CORZO,2106
6,27,CHIAPA DE CORZO,2106
6,27,CHIAPA DE CORZO,2106
6,27,CHIAPA DE CORZO,2106
6,27,CHIAPA DE CORZO,2107
6,27,CHIAPA DE CORZO,2108
6,27,CHIAPA DE CORZO,2108
6,27,CHIAPA DE CORZO,2108
6,27,CHIAPA DE CORZO,2108
6,27,CHIAPA DE CORZO,2108
6,27,CHIAPA DE CORZO,2108
6,27,CHIAPA DE CORZO,2298
6,27,CHIAPA DE CORZO,2298
6,27,CHIAPA DE CORZO,2298
6,27,CHIAPA DE CORZO,2298
6,27,CHIAPA DE CORZO,2298
6,27,CHIAPA DE CORZO,2298
6,27,CHIAPA DE CORZO,2298
6,27,CHIAPA DE CORZO,2298
6,27,CHIAPA DE CORZO,2298
6,27,CHIAPA DE CORZO,2298
6,27,CHIAPA DE CORZO,2298
6,27,CHIAPA DE CORZO,2298
6,27,CHIAPA DE CORZO,2298
6,27,CHIAPA DE CORZO,2298
6,27,CHIAPA DE CORZO,2298
6,27,CHIAPA DE CORZO,2298
6,27,CHIAPA DE CORZO,2298
6,27,CHIAPA DE CORZO,2299
6,27,CHIAPA DE CORZO,2374
6,27,CHIAPA DE CORZO,2374
6,27,CHIAPA DE CORZO,2374
6,27,CHIAPA DE CORZO,2374
6,27,CHIAPA DE CORZO,2374
6,27,CHIAPA DE CORZO,2374
6,27,CHIAPA DE CORZO,2374
6,27,CHIAPA DE CORZO,2374
6,27,CHIAPA DE CORZO,2374
6,27,CHIAPA DE CORZO,2375
6,27,CHIAPA DE CORZO,2375
6,27,CHIAPA DE CORZO,2375
6,27,CHIAPA DE CORZO,2375
6,27,CHIAPA DE CORZO,2376
6,27,CHIAPA DE CORZO,2376
6,27,CHIAPA DE CORZO,2376
6,27,CHIAPA DE CORZO,2377
6,27,CHIAPA DE CORZO,2377
6,27,CHIAPA DE CORZO,2377
6,27,CHIAPA DE CORZO,2377
6,27,CHIAPA DE CORZO,2378
6,27,CHIAPA DE CORZO,2378
6,27,CHIAPA DE CORZO,2378
6,27,CHIAPA DE CORZO,2378
6,27,CHIAPA DE CORZO,2378
6,28,CHIAPILLA,433
6,28,CHIAPILLA,433
6,28,CHIAPILLA,433
6,28,CHIAPILLA,433
6,28,CHIAPILLA,434
6,28,CHIAPILLA,434
6,28,CHIAPILLA,434
6,28,CHIAPILLA,434
6,28,CHIAPILLA,434
6,28,CHIAPILLA,434
6,28,CHIAPILLA,434
6,28,CHIAPILLA,434
6,28,CHIAPILLA,435
6,28,CHIAPILLA,435
6,58,NICOLAS RUIZ,814
6,58,NICOLAS RUIZ,814
6,58,NICOLAS RUIZ,814
6,58,NICOLAS RUIZ,814
6,58,NICOLAS RUIZ,814
6,58,NICOLAS RUIZ,814
6,58,NICOLAS RUIZ,814
6,80,SAN LUCAS,1187
6,80,SAN LUCAS,1187
6,80,SAN LUCAS,1187
6,80,SAN LUCAS,1187
6,80,SAN LUCAS,1187
6,80,SAN LUCAS,1187
6,80,SAN LUCAS,1187
6,80,SAN LUCAS,1188
6,80,SAN LUCAS,1188
6,80,SAN LUCAS,1188
6,80,SAN LUCAS,1188
6,80,SAN LUCAS,1188
6,80,SAN LUCAS,1188
6,80,SAN LUCAS,1188
6,87,SUCHIAPA,1240
6,87,SUCHIAPA,1240
6,87,SUCHIAPA,1240
6,87,SUCHIAPA,1240
6,87,SUCHIAPA,1240
6,87,SUCHIAPA,1240
6,87,SUCHIAPA,1240
6,87,SUCHIAPA,1240
6,87,SUCHIAPA,1241
6,87,SUCHIAPA,1241
6,87,SUCHIAPA,1241
6,87,SUCHIAPA,1241
6,87,SUCHIAPA,1241
6,87,SUCHIAPA,1241
6,87,SUCHIAPA,1241
6,87,SUCHIAPA,1241
6,87,SUCHIAPA,1241
6,87,SUCHIAPA,1241
6,87,SUCHIAPA,1241
6,87,SUCHIAPA,1241
6,87,SUCHIAPA,1241
6,87,SUCHIAPA,1241
6,87,SUCHIAPA,1242
6,87,SUCHIAPA,1242
6,87,SUCHIAPA,1242
6,87,SUCHIAPA,1242
6,87,SUCHIAPA,1242
6,87,SUCHIAPA,1243
6,87,SUCHIAPA,1243
6,87,SUCHIAPA,1243
6,87,SUCHIAPA,1243
6,87,SUCHIAPA,1243
6,87,SUCHIAPA,1243
6,87,SUCHIAPA,1243
6,87,SUCHIAPA,1244
6,87,SUCHIAPA,1244
6,87,SUCHIAPA,1244
6,87,SUCHIAPA,1244
6,87,SUCHIAPA,1244
6,87,SUCHIAPA,1244
6,87,SUCHIAPA,1245
6,87,SUCHIAPA,1245
6,87,SUCHIAPA,1245
6,87,SUCHIAPA,1245
6,87,SUCHIAPA,1245
6,87,SUCHIAPA,1245
6,87,SUCHIAPA,1245
6,87,SUCHIAPA,1245
6,87,SUCHIAPA,1245
6,87,SUCHIAPA,1245
6,87,SUCHIAPA,1245
6,87,SUCHIAPA,1245
6,87,SUCHIAPA,1245
6,87,SUCHIAPA,1245
6,87,SUCHIAPA,1245
6,87,SUCHIAPA,1245
6,87,SUCHIAPA,1245
6,87,SUCHIAPA,1245
6,87,SUCHIAPA,1246
6,98,TOTOLAPA,1530
6,98,TOTOLAPA,1530
6,98,TOTOLAPA,2113
6,98,TOTOLAPA,2113
6,98,TOTOLAPA,2114
6,102,TUXTLA GUTIERREZ,1621
6,102,TUXTLA GUTIERREZ,1622
6,102,TUXTLA GUTIERREZ,1622
6,102,TUXTLA GUTIERREZ,1622
6,102,TUXTLA GUTIERREZ,1622
6,102,TUXTLA GUTIERREZ,1622
6,102,TUXTLA GUTIERREZ,1622
6,102,TUXTLA GUTIERREZ,1622
6,102,TUXTLA GUTIERREZ,1622
6,102,TUXTLA GUTIERREZ,1622
6,102,TUXTLA GUTIERREZ,1622
6,102,TUXTLA GUTIERREZ,1622
6,102,TUXTLA GUTIERREZ,1622
6,102,TUXTLA GUTIERREZ,1622
6,102,TUXTLA GUTIERREZ,1622
6,102,TUXTLA GUTIERREZ,1623
6,102,TUXTLA GUTIERREZ,1623
6,102,TUXTLA GUTIERREZ,1623
6,102,TUXTLA GUTIERREZ,1623
6,102,TUXTLA GUTIERREZ,1624
6,102,TUXTLA GUTIERREZ,1625
6,102,TUXTLA GUTIERREZ,1625
6,102,TUXTLA GUTIERREZ,1625
6,102,TUXTLA GUTIERREZ,1626
6,102,TUXTLA GUTIERREZ,1627
6,102,TUXTLA GUTIERREZ,1627
6,102,TUXTLA GUTIERREZ,1655
6,102,TUXTLA GUTIERREZ,1656
6,102,TUXTLA GUTIERREZ,1656
6,102,TUXTLA GUTIERREZ,1657
6,102,TUXTLA GUTIERREZ,1657
6,102,TUXTLA GUTIERREZ,1657
6,102,TUXTLA GUTIERREZ,1657
6,102,TUXTLA GUTIERREZ,1657
6,102,TUXTLA GUTIERREZ,1659
6,102,TUXTLA GUTIERREZ,1659
6,102,TUXTLA GUTIERREZ,1659
6,102,TUXTLA GUTIERREZ,1659
6,102,TUXTLA GUTIERREZ,1659
6,102,TUXTLA GUTIERREZ,1659
6,102,TUXTLA GUTIERREZ,1659
6,102,TUXTLA GUTIERREZ,1659
6,102,TUXTLA GUTIERREZ,1659
6,102,TUXTLA GUTIERREZ,1659
6,102,TUXTLA GUTIERREZ,1659
6,102,TUXTLA GUTIERREZ,1659
6,102,TUXTLA GUTIERREZ,1660
6,102,TUXTLA GUTIERREZ,1660
6,102,TUXTLA GUTIERREZ,1661
6,102,TUXTLA GUTIERREZ,1661
6,102,TUXTLA GUTIERREZ,1661
6,102,TUXTLA GUTIERREZ,1662
6,102,TUXTLA GUTIERREZ,1662
6,102,TUXTLA GUTIERREZ,1662
6,102,TUXTLA GUTIERREZ,1662
6,102,TUXTLA GUTIERREZ,1662
6,102,TUXTLA GUTIERREZ,1662
6,102,TUXTLA GUTIERREZ,1662
6,102,TUXTLA GUTIERREZ,1663
6,102,TUXTLA GUTIERREZ,1663
6,102,TUXTLA GUTIERREZ,1663
6,102,TUXTLA GUTIERREZ,1663
6,102,TUXTLA GUTIERREZ,1663
6,102,TUXTLA GUTIERREZ,1663
6,102,TUXTLA GUTIERREZ,1663
6,102,TUXTLA GUTIERREZ,1663
6,102,TUXTLA GUTIERREZ,1663
6,102,TUXTLA GUTIERREZ,1666
6,102,TUXTLA GUTIERREZ,1666
6,102,TUXTLA GUTIERREZ,1666
6,102,TUXTLA GUTIERREZ,1683
6,102,TUXTLA GUTIERREZ,1683
6,102,TUXTLA GUTIERREZ,1683
6,102,TUXTLA GUTIERREZ,1684
6,102,TUXTLA GUTIERREZ,1684
6,102,TUXTLA GUTIERREZ,1684
6,102,TUXTLA GUTIERREZ,1685
6,102,TUXTLA GUTIERREZ,1685
6,102,TUXTLA GUTIERREZ,1685
6,102,TUXTLA GUTIERREZ,1685
6,102,TUXTLA GUTIERREZ,1686
6,102,TUXTLA GUTIERREZ,1686
6,102,TUXTLA GUTIERREZ,1686
6,102,TUXTLA GUTIERREZ,1686
6,102,TUXTLA GUTIERREZ,1687
6,102,TUXTLA GUTIERREZ,1688
6,102,TUXTLA GUTIERREZ,1713
6,102,TUXTLA GUTIERREZ,1713
6,102,TUXTLA GUTIERREZ,1713
6,102,TUXTLA GUTIERREZ,1714
6,102,TUXTLA GUTIERREZ,1714
6,102,TUXTLA GUTIERREZ,1714
6,102,TUXTLA GUTIERREZ,1715
6,102,TUXTLA GUTIERREZ,1715
6,102,TUXTLA GUTIERREZ,1716
6,102,TUXTLA GUTIERREZ,1716
6,102,TUXTLA GUTIERREZ,1717
6,102,TUXTLA GUTIERREZ,1717
6,102,TUXTLA GUTIERREZ,1718
6,102,TUXTLA GUTIERREZ,1718
6,102,TUXTLA GUTIERREZ,1718
6,102,TUXTLA GUTIERREZ,1729
6,102,TUXTLA GUTIERREZ,1729
6,102,TUXTLA GUTIERREZ,1729
6,102,TUXTLA GUTIERREZ,1729
6,102,TUXTLA GUTIERREZ,1729
6,102,TUXTLA GUTIERREZ,1729
6,102,TUXTLA GUTIERREZ,1729
6,102,TUXTLA GUTIERREZ,1742
6,102,TUXTLA GUTIERREZ,1742
6,102,TUXTLA GUTIERREZ,1742
6,102,TUXTLA GUTIERREZ,1742
6,102,TUXTLA GUTIERREZ,1742
6,102,TUXTLA GUTIERREZ,1742
6,102,TUXTLA GUTIERREZ,1742
6,102,TUXTLA GUTIERREZ,1750
6,102,TUXTLA GUTIERREZ,1750
6,102,TUXTLA GUTIERREZ,1750
6,102,TUXTLA GUTIERREZ,1750
6,102,TUXTLA GUTIERREZ,1750
6,102,TUXTLA GUTIERREZ,1750
6,102,TUXTLA GUTIERREZ,1750
6,102,TUXTLA GUTIERREZ,1750
6,102,TUXTLA GUTIERREZ,1750
6,102,TUXTLA GUTIERREZ,1751
6,102,TUXTLA GUTIERREZ,1751
6,102,TUXTLA GUTIERREZ,1751
6,102,TUXTLA GUTIERREZ,1751
6,102,TUXTLA GUTIERREZ,1751
6,102,TUXTLA GUTIERREZ,1751
6,102,TUXTLA GUTIERREZ,1751
6,102,TUXTLA GUTIERREZ,1751
6,102,TUXTLA GUTIERREZ,1751
6,102,TUXTLA GUTIERREZ,1751
6,102,TUXTLA GUTIERREZ,1751
6,102,TUXTLA GUTIERREZ,1752
6,102,TUXTLA GUTIERREZ,1969
6,102,TUXTLA GUTIERREZ,1970
6,102,TUXTLA GUTIERREZ,1970
6,102,TUXTLA GUTIERREZ,1971
6,102,TUXTLA GUTIERREZ,1972
6,102,TUXTLA GUTIERREZ,1972
6,102,TUXTLA GUTIERREZ,1973
6,102,TUXTLA GUTIERREZ,1973
6,102,TUXTLA GUTIERREZ,1974
6,102,TUXTLA GUTIERREZ,1974
6,102,TUXTLA GUTIERREZ,1975
6,102,TUXTLA GUTIERREZ,2012
6,102,TUXTLA GUTIERREZ,2012
6,102,TUXTLA GUTIERREZ,2012
6,102,TUXTLA GUTIERREZ,2013
6,102,TUXTLA GUTIERREZ,2013
6,102,TUXTLA GUTIERREZ,2013
6,102,TUXTLA GUTIERREZ,2014
6,102,TUXTLA GUTIERREZ,2015
6,102,TUXTLA GUTIERREZ,2015
6,102,TUXTLA GUTIERREZ,2015
6,102,TUXTLA GUTIERREZ,2016
6,102,TUXTLA GUTIERREZ,2017
6,102,TUXTLA GUTIERREZ,2017
6,102,TUXTLA GUTIERREZ,2017
6,102,TUXTLA GUTIERREZ,2017
6,102,TUXTLA GUTIERREZ,2017
6,102,TUXTLA GUTIERREZ,2017
6,102,TUXTLA GUTIERREZ,2017
6,102,TUXTLA GUTIERREZ,2018
6,102,TUXTLA GUTIERREZ,2018
6,102,TUXTLA GUTIERREZ,2019
6,102,TUXTLA GUTIERREZ,2019
6,102,TUXTLA GUTIERREZ,2020
6,102,TUXTLA GUTIERREZ,2021
6,102,TUXTLA GUTIERREZ,2021
6,102,TUXTLA GUTIERREZ,2021
6,102,TUXTLA GUTIERREZ,2021
6,102,TUXTLA GUTIERREZ,2021
6,102,TUXTLA GUTIERREZ,2021
6,102,TUXTLA GUTIERREZ,2021
6,102,TUXTLA GUTIERREZ,2021
6,102,TUXTLA GUTIERREZ,2021
6,102,TUXTLA GUTIERREZ,2021
6,102,TUXTLA GUTIERREZ,2022
6,102,TUXTLA GUTIERREZ,2022
6,102,TUXTLA GUTIERREZ,2022
6,102,TUXTLA GUTIERREZ,2023
6,102,TUXTLA GUTIERREZ,2023
6,102,TUXTLA GUTIERREZ,2024
6,102,TUXTLA GUTIERREZ,2024
6,102,TUXTLA GUTIERREZ,2024
6,102,TUXTLA GUTIERREZ,2024
6,102,TUXTLA GUTIERREZ,2024
6,102,TUXTLA GUTIERREZ,2025
6,102,TUXTLA GUTIERREZ,2025
6,102,TUXTLA GUTIERREZ,2025
6,102,TUXTLA GUTIERREZ,2025
6,102,TUXTLA GUTIERREZ,2026
6,102,TUXTLA GUTIERREZ,2026
6,102,TUXTLA GUTIERREZ,2026
6,102,TUXTLA GUTIERREZ,2026
6,102,TUXTLA GUTIERREZ,2026
6,102,TUXTLA GUTIERREZ,2026
6,102,TUXTLA GUTIERREZ,2026
6,102,TUXTLA GUTIERREZ,2027
6,102,TUXTLA GUTIERREZ,2027
6,102,TUXTLA GUTIERREZ,2028
6,102,TUXTLA GUTIERREZ,2028
6,102,TUXTLA GUTIERREZ,2028
6,102,TUXTLA GUTIERREZ,2028
6,102,TUXTLA GUTIERREZ,2029
6,102,TUXTLA GUTIERREZ,2029
6,102,TUXTLA GUTIERREZ,2029
6,102,TUXTLA GUTIERREZ,2029
6,102,TUXTLA GUTIERREZ,2029
6,102,TUXTLA GUTIERREZ,2029
6,102,TUXTLA GUTIERREZ,2030
6,102,TUXTLA GUTIERREZ,2031
6,102,TUXTLA GUTIERREZ,2031
6,102,TUXTLA GUTIERREZ,2032
6,102,TUXTLA GUTIERREZ,2033
6,102,TUXTLA GUTIERREZ,2034
6,102,TUXTLA GUTIERREZ,2035
6,102,TUXTLA GUTIERREZ,2036
6,102,TUXTLA GUTIERREZ,2037
6,102,TUXTLA GUTIERREZ,2038
6,102,TUXTLA GUTIERREZ,2039
6,102,TUXTLA GUTIERREZ,2040
6,102,TUXTLA GUTIERREZ,2040
6,102,TUXTLA GUTIERREZ,2040
6,102,TUXTLA GUTIERREZ,2040
6,102,TUXTLA GUTIERREZ,2040
6,102,TUXTLA GUTIERREZ,2040
6,102,TUXTLA GUTIERREZ,2040
6,102,TUXTLA GUTIERREZ,2040
6,102,TUXTLA GUTIERREZ,2041
6,102,TUXTLA GUTIERREZ,2041
6,102,TUXTLA GUTIERREZ,2042
6,102,TUXTLA GUTIERREZ,2042
6,102,TUXTLA GUTIERREZ,2043
6,102,TUXTLA GUTIERREZ,2043
6,102,TUXTLA GUTIERREZ,2043
6,102,TUXTLA GUTIERREZ,2043
6,102,TUXTLA GUTIERREZ,2043
6,102,TUXTLA GUTIERREZ,2043
6,102,TUXTLA GUTIERREZ,2043
6,102,TUXTLA GUTIERREZ,2043
6,102,TUXTLA GUTIERREZ,2043
6,102,TUXTLA GUTIERREZ,2044
6,102,TUXTLA GUTIERREZ,2044
6,102,TUXTLA GUTIERREZ,2044
6,102,TUXTLA GUTIERREZ,2045
6,102,TUXTLA GUTIERREZ,2046
6,102,TUXTLA GUTIERREZ,2046
6,102,TUXTLA GUTIERREZ,2131
6,102,TUXTLA GUTIERREZ,2131
6,102,TUXTLA GUTIERREZ,2131
6,102,TUXTLA GUTIERREZ,2132
6,102,TUXTLA GUTIERREZ,2132
6,102,TUXTLA GUTIERREZ,2132
6,102,TUXTLA GUTIERREZ,2132
6,102,TUXTLA GUTIERREZ,2202
6,102,TUXTLA GUTIERREZ,2202
6,102,TUXTLA GUTIERREZ,2202
6,102,TUXTLA GUTIERREZ,2202
6,102,TUXTLA GUTIERREZ,2202
6,102,TUXTLA GUTIERREZ,2202
6,102,TUXTLA GUTIERREZ,2202
6,102,TUXTLA GUTIERREZ,2202
6,102,TUXTLA GUTIERREZ,2202
6,102,TUXTLA GUTIERREZ,2202
6,102,TUXTLA GUTIERREZ,2202
6,102,TUXTLA GUTIERREZ,2202
6,102,TUXTLA GUTIERREZ,2202
6,102,TUXTLA GUTIERREZ,2203
6,102,TUXTLA GUTIERREZ,2203
6,102,TUXTLA GUTIERREZ,2203
6,102,TUXTLA GUTIERREZ,2203
6,102,TUXTLA GUTIERREZ,2203
6,102,TUXTLA GUTIERREZ,2203
6,102,TUXTLA GUTIERREZ,2203
6,102,TUXTLA GUTIERREZ,2203
6,102,TUXTLA GUTIERREZ,2203
6,102,TUXTLA GUTIERREZ,2204
6,102,TUXTLA GUTIERREZ,2204
6,102,TUXTLA GUTIERREZ,2204
6,102,TUXTLA GUTIERREZ,2204
6,102,TUXTLA GUTIERREZ,2204
6,102,TUXTLA GUTIERREZ,2204
6,102,TUXTLA GUTIERREZ,2205
6,102,TUXTLA GUTIERREZ,2205
6,102,TUXTLA GUTIERREZ,2205
6,102,TUXTLA GUTIERREZ,2205
6,102,TUXTLA GUTIERREZ,2205
6,102,TUXTLA GUTIERREZ,2205
6,102,TUXTLA GUTIERREZ,2205
6,106,VENUSTIANO CARRANZA,1786
6,106,VENUSTIANO CARRANZA,1786
6,106,VENUSTIANO CARRANZA,1786
6,106,VENUSTIANO CARRANZA,1786
6,106,VENUSTIANO CARRANZA,1787
6,106,VENUSTIANO CARRANZA,1787
6,106,VENUSTIANO CARRANZA,1787
6,106,VENUSTIANO CARRANZA,1787
6,106,VENUSTIANO CARRANZA,1788
6,106,VENUSTIANO CARRANZA,1788
6,106,VENUSTIANO CARRANZA,1788
6,106,VENUSTIANO CARRANZA,1788
6,106,VENUSTIANO CARRANZA,1788
6,106,VENUSTIANO CARRANZA,1788
6,106,VENUSTIANO CARRANZA,1789
6,106,VENUSTIANO CARRANZA,1789
6,106,VENUSTIANO CARRANZA,1789
6,106,VENUSTIANO CARRANZA,1789
6,106,VENUSTIANO CARRANZA,1790
6,106,VENUSTIANO CARRANZA,1790
6,106,VENUSTIANO CARRANZA,1790
6,106,VENUSTIANO CARRANZA,1790
6,106,VENUSTIANO CARRANZA,1790
6,106,VENUSTIANO CARRANZA,1791
6,106,VENUSTIANO CARRANZA,1791
6,106,VENUSTIANO CARRANZA,1791
6,106,VENUSTIANO CARRANZA,1791
6,106,VENUSTIANO CARRANZA,1791
6,106,VENUSTIANO CARRANZA,1791
6,106,VENUSTIANO CARRANZA,1791
6,106,VENUSTIANO CARRANZA,1792
6,106,VENUSTIANO CARRANZA,1792
6,106,VENUSTIANO CARRANZA,1792
6,106,VENUSTIANO CARRANZA,1792
6,106,VENUSTIANO CARRANZA,1793
6,106,VENUSTIANO CARRANZA,1793
6,106,VENUSTIANO CARRANZA,1794
6,106,VENUSTIANO CARRANZA,1794
6,106,VENUSTIANO CARRANZA,1795
6,106,VENUSTIANO CARRANZA,1797
6,106,VENUSTIANO CARRANZA,1797
6,106,VENUSTIANO CARRANZA,1797
6,106,VENUSTIANO CARRANZA,1798
6,106,VENUSTIANO CARRANZA,1798
6,106,VENUSTIANO CARRANZA,1798
6,106,VENUSTIANO CARRANZA,1798
6,106,VENUSTIANO CARRANZA,1799
6,106,VENUSTIANO CARRANZA,1799
6,106,VENUSTIANO CARRANZA,1799
6,106,VENUSTIANO CARRANZA,1799
6,106,VENUSTIANO CARRANZA,1800
6,106,VENUSTIANO CARRANZA,1800
6,106,VENUSTIANO CARRANZA,1800
6,106,VENUSTIANO CARRANZA,1800
6,106,VENUSTIANO CARRANZA,1800
6,106,VENUSTIANO CARRANZA,1800
6,106,VENUSTIANO CARRANZA,1800
6,106,VENUSTIANO CARRANZA,1801
6,106,VENUSTIANO CARRANZA,1801
6,106,VENUSTIANO CARRANZA,1801
6,106,VENUSTIANO CARRANZA,1802
6,106,VENUSTIANO CARRANZA,1802
6,106,VENUSTIANO CARRANZA,1802
6,106,VENUSTIANO CARRANZA,1802
6,106,VENUSTIANO CARRANZA,1802
6,106,VENUSTIANO CARRANZA,1802
6,106,VENUSTIANO CARRANZA,1802
6,106,VENUSTIANO CARRANZA,1803
6,106,VENUSTIANO CARRANZA,1804
6,106,VENUSTIANO CARRANZA,1805
6,106,VENUSTIANO CARRANZA,1805
6,106,VENUSTIANO CARRANZA,1806
6,106,VENUSTIANO CARRANZA,1806
6,106,VENUSTIANO CARRANZA,1807
6,106,VENUSTIANO CARRANZA,1807
6,106,VENUSTIANO CARRANZA,1807
6,106,VENUSTIANO CARRANZA,1807
6,106,VENUSTIANO CARRANZA,1808
6,106,VENUSTIANO CARRANZA,1809
6,106,VENUSTIANO CARRANZA,1810
6,106,VENUSTIANO CARRANZA,1811
6,106,VENUSTIANO CARRANZA,1811
6,106,VENUSTIANO CARRANZA,2310
6,106,VENUSTIANO CARRANZA,2311
6,122,EMILIANO ZAPATA,15
6,122,EMILIANO ZAPATA,15
6,122,EMILIANO ZAPATA,16
6,122,EMILIANO ZAPATA,16
6,122,EMILIANO ZAPATA,17
6,122,EMILIANO ZAPATA,20
7,1,ACACOYAGUA,2
7,1,ACACOYAGUA,2
7,1,ACACOYAGUA,2
7,1,ACACOYAGUA,2
7,1,ACACOYAGUA,2
7,1,ACACOYAGUA,2
7,1,ACACOYAGUA,3
7,1,ACACOYAGUA,3
7,1,ACACOYAGUA,3
7,1,ACACOYAGUA,3
7,1,ACACOYAGUA,5
7,1,ACACOYAGUA,6
7,1,ACACOYAGUA,2120
7,1,ACACOYAGUA,2121
7,1,ACACOYAGUA,2121
7,1,ACACOYAGUA,2121
7,1,ACACOYAGUA,2121
7,1,ACACOYAGUA,2121
7,1,ACACOYAGUA,2121
7,1,ACACOYAGUA,2121
7,1,ACACOYAGUA,2121
7,1,ACACOYAGUA,2121
7,1,ACACOYAGUA,2121
7,3,ACAPETAHUA,21
7,3,ACAPETAHUA,21
7,3,ACAPETAHUA,21
7,3,ACAPETAHUA,21
7,3,ACAPETAHUA,21
7,3,ACAPETAHUA,22
7,3,ACAPETAHUA,22
7,3,ACAPETAHUA,22
7,3,ACAPETAHUA,22
7,3,ACAPETAHUA,22
7,3,ACAPETAHUA,22
7,3,ACAPETAHUA,22
7,3,ACAPETAHUA,23
7,3,ACAPETAHUA,23
7,3,ACAPETAHUA,23
7,3,ACAPETAHUA,23
7,3,ACAPETAHUA,23
7,3,ACAPETAHUA,23
7,3,ACAPETAHUA,23
7,3,ACAPETAHUA,24
7,3,ACAPETAHUA,24
7,3,ACAPETAHUA,24
7,3,ACAPETAHUA,24
7,3,ACAPETAHUA,24
7,3,ACAPETAHUA,24
7,3,ACAPETAHUA,24
7,3,ACAPETAHUA,24
7,3,ACAPETAHUA,25
7,3,ACAPETAHUA,26
7,3,ACAPETAHUA,26
7,3,ACAPETAHUA,27
7,3,ACAPETAHUA,28
7,3,ACAPETAHUA,28
7,3,ACAPETAHUA,28
7,3,ACAPETAHUA,29
7,3,ACAPETAHUA,29
7,3,ACAPETAHUA,30
7,3,ACAPETAHUA,30
7,3,ACAPETAHUA,31
7,3,ACAPETAHUA,32
7,3,ACAPETAHUA,34
7,3,ACAPETAHUA,34
7,3,ACAPETAHUA,34
7,9,ARRIAGA,88
7,9,ARRIAGA,88
7,9,ARRIAGA,88
7,9,ARRIAGA,89
7,9,ARRIAGA,89
7,9,ARRIAGA,90
7,9,ARRIAGA,90
7,9,ARRIAGA,90
7,9,ARRIAGA,91
7,9,ARRIAGA,91
7,9,ARRIAGA,91
7,9,ARRIAGA,91
7,9,ARRIAGA,91
7,9,ARRIAGA,91
7,9,ARRIAGA,91
7,9,ARRIAGA,91
7,9,ARRIAGA,91
7,9,ARRIAGA,91
7,9,ARRIAGA,92
7,9,ARRIAGA,92
7,9,ARRIAGA,93
7,9,ARRIAGA,93
7,9,ARRIAGA,94
7,9,ARRIAGA,95
7,9,ARRIAGA,95
7,9,ARRIAGA,95
7,9,ARRIAGA,95
7,9,ARRIAGA,95
7,9,ARRIAGA,95
7,9,ARRIAGA,95
7,9,ARRIAGA,95
7,9,ARRIAGA,96
7,9,ARRIAGA,96
7,9,ARRIAGA,96
7,9,ARRIAGA,96
7,9,ARRIAGA,97
7,9,ARRIAGA,97
7,9,ARRIAGA,97
7,9,ARRIAGA,97
7,9,ARRIAGA,97
7,9,ARRIAGA,99
7,9,ARRIAGA,99
7,9,ARRIAGA,99
7,9,ARRIAGA,99
7,9,ARRIAGA,99
7,9,ARRIAGA,99
7,9,ARRIAGA,100
7,9,ARRIAGA,100
7,9,ARRIAGA,100
7,9,ARRIAGA,100
7,9,ARRIAGA,100
7,9,ARRIAGA,100
7,9,ARRIAGA,100
7,9,ARRIAGA,101
7,9,ARRIAGA,101
7,9,ARRIAGA,103
7,9,ARRIAGA,103
7,9,ARRIAGA,104
7,9,ARRIAGA,105
7,9,ARRIAGA,105
7,9,ARRIAGA,106
7,9,ARRIAGA,106
7,9,ARRIAGA,107
7,9,ARRIAGA,109
7,9,ARRIAGA,109
7,9,ARRIAGA,110
7,9,ARRIAGA,110
7,9,ARRIAGA,111
7,9,ARRIAGA,111
7,9,ARRIAGA,111
7,9,ARRIAGA,112
7,9,ARRIAGA,2300
7,9,ARRIAGA,2300
7,9,ARRIAGA,2300
7,9,ARRIAGA,2300
7,9,ARRIAGA,2300
7,9,ARRIAGA,2300
7,9,ARRIAGA,2300
7,9,ARRIAGA,2300
7,9,ARRIAGA,2301
7,9,ARRIAGA,2301
7,9,ARRIAGA,2301
7,9,ARRIAGA,2301
7,9,ARRIAGA,2301
7,9,ARRIAGA,2301
7,9,ARRIAGA,2301
7,9,ARRIAGA,2301
7,9,ARRIAGA,2301
7,9,ARRIAGA,2301
7,9,ARRIAGA,2301
7,9,ARRIAGA,2301
7,9,ARRIAGA,2301
7,9,ARRIAGA,2301
7,17,CINTALAPA,197
7,17,CINTALAPA,197
7,17,CINTALAPA,197
7,17,CINTALAPA,197
7,17,CINTALAPA,197
7,17,CINTALAPA,197
7,17,CINTALAPA,197
7,17,CINTALAPA,198
7,17,CINTALAPA,198
7,17,CINTALAPA,198
7,17,CINTALAPA,198
7,17,CINTALAPA,199
7,17,CINTALAPA,199
7,17,CINTALAPA,199
7,17,CINTALAPA,199
7,17,CINTALAPA,199
7,17,CINTALAPA,199
7,17,CINTALAPA,199
7,17,CINTALAPA,199
7,17,CINTALAPA,199
7,17,CINTALAPA,199
7,17,CINTALAPA,199
7,17,CINTALAPA,199
7,17,CINTALAPA,200
7,17,CINTALAPA,200
7,17,CINTALAPA,200
7,17,CINTALAPA,200
7,17,CINTALAPA,200
7,17,CINTALAPA,200
7,17,CINTALAPA,200
7,17,CINTALAPA,200
7,17,CINTALAPA,200
7,17,CINTALAPA,200
7,17,CINTALAPA,200
7,17,CINTALAPA,200
7,17,CINTALAPA,200
7,17,CINTALAPA,200
7,17,CINTALAPA,200
7,17,CINTALAPA,200
7,17,CINTALAPA,201
7,17,CINTALAPA,201
7,17,CINTALAPA,201
7,17,CINTALAPA,201
7,17,CINTALAPA,201
7,17,CINTALAPA,202
7,17,CINTALAPA,202
7,17,CINTALAPA,202
7,17,CINTALAPA,202
7,17,CINTALAPA,202
7,17,CINTALAPA,202
7,17,CINTALAPA,203
7,17,CINTALAPA,203
7,17,CINTALAPA,203
7,17,CINTALAPA,203
7,17,CINTALAPA,203
7,17,CINTALAPA,204
7,17,CINTALAPA,204
7,17,CINTALAPA,204
7,17,CINTALAPA,205
7,17,CINTALAPA,205
7,17,CINTALAPA,205
7,17,CINTALAPA,205
7,17,CINTALAPA,205
7,17,CINTALAPA,206
7,17,CINTALAPA,206
7,17,CINTALAPA,206
7,17,CINTALAPA,206
7,17,CINTALAPA,206
7,17,CINTALAPA,206
7,17,CINTALAPA,206
7,17,CINTALAPA,206
7,17,CINTALAPA,206
7,17,CINTALAPA,207
7,17,CINTALAPA,207
7,17,CINTALAPA,207
7,17,CINTALAPA,207
7,17,CINTALAPA,207
7,17,CINTALAPA,208
7,17,CINTALAPA,208
7,17,CINTALAPA,208
7,17,CINTALAPA,208
7,17,CINTALAPA,208
7,17,CINTALAPA,208
7,17,CINTALAPA,208
7,17,CINTALAPA,209
7,17,CINTALAPA,209
7,17,CINTALAPA,209
7,17,CINTALAPA,209
7,17,CINTALAPA,209
7,17,CINTALAPA,209
7,17,CINTALAPA,209
7,17,CINTALAPA,209
7,17,CINTALAPA,209
7,17,CINTALAPA,209
7,17,CINTALAPA,209
7,17,CINTALAPA,209
7,17,CINTALAPA,209
7,17,CINTALAPA,209
7,17,CINTALAPA,209
7,17,CINTALAPA,209
7,17,CINTALAPA,209
7,17,CINTALAPA,209
7,17,CINTALAPA,209
7,17,CINTALAPA,209
7,17,CINTALAPA,209
7,17,CINTALAPA,209
7,17,CINTALAPA,209
7,17,CINTALAPA,210
7,17,CINTALAPA,210
7,17,CINTALAPA,210
7,17,CINTALAPA,210
7,17,CINTALAPA,212
7,17,CINTALAPA,212
7,17,CINTALAPA,212
7,17,CINTALAPA,212
7,17,CINTALAPA,212
7,17,CINTALAPA,212
7,17,CINTALAPA,212
7,17,CINTALAPA,212
7,17,CINTALAPA,212
7,17,CINTALAPA,212
7,17,CINTALAPA,212
7,17,CINTALAPA,212
7,17,CINTALAPA,212
7,17,CINTALAPA,212
7,17,CINTALAPA,212
7,17,CINTALAPA,212
7,17,CINTALAPA,212
7,17,CINTALAPA,213
7,17,CINTALAPA,213
7,17,CINTALAPA,214
7,17,CINTALAPA,214
7,17,CINTALAPA,214
7,17,CINTALAPA,215
7,17,CINTALAPA,217
7,17,CINTALAPA,218
7,17,CINTALAPA,219
7,17,CINTALAPA,219
7,17,CINTALAPA,220
7,17,CINTALAPA,220
7,17,CINTALAPA,221
7,17,CINTALAPA,221
7,17,CINTALAPA,221
7,17,CINTALAPA,221
7,17,CINTALAPA,221
7,17,CINTALAPA,221
7,17,CINTALAPA,222
7,17,CINTALAPA,223
7,17,CINTALAPA,223
7,17,CINTALAPA,224
7,17,CINTALAPA,225
7,17,CINTALAPA,225
7,17,CINTALAPA,226
7,17,CINTALAPA,226
7,17,CINTALAPA,228
7,17,CINTALAPA,229
7,17,CINTALAPA,229
7,17,CINTALAPA,229
7,17,CINTALAPA,230
7,17,CINTALAPA,231
7,17,CINTALAPA,232
7,17,CINTALAPA,233
7,17,CINTALAPA,2170
7,17,CINTALAPA,2170
7,17,CINTALAPA,2170
7,17,CINTALAPA,2170
7,17,CINTALAPA,2170
7,17,CINTALAPA,2170
7,17,CINTALAPA,2170
7,17,CINTALAPA,2170
7,17,CINTALAPA,2170
7,17,CINTALAPA,2170
7,17,CINTALAPA,2170
7,17,CINTALAPA,2170
7,17,CINTALAPA,2170
7,17,CINTALAPA,2171
7,17,CINTALAPA,2171
7,17,CINTALAPA,2171
7,17,CINTALAPA,2171
7,17,CINTALAPA,2171
7,17,CINTALAPA,2171
7,17,CINTALAPA,2171
7,17,CINTALAPA,2171
7,17,CINTALAPA,2171
7,17,CINTALAPA,2171
7,32,ESCUINTLA,489
7,32,ESCUINTLA,489
7,32,ESCUINTLA,489
7,32,ESCUINTLA,489
7,32,ESCUINTLA,489
7,32,ESCUINTLA,490
7,32,ESCUINTLA,490
7,32,ESCUINTLA,495
7,32,ESCUINTLA,496
7,32,ESCUINTLA,497
7,32,ESCUINTLA,497
7,32,ESCUINTLA,498
7,32,ESCUINTLA,498
7,32,ESCUINTLA,499
7,32,ESCUINTLA,500
7,32,ESCUINTLA,501
7,32,ESCUINTLA,501
7,32,ESCUINTLA,2122
7,32,ESCUINTLA,2122
7,32,ESCUINTLA,2122
7,32,ESCUINTLA,2122
7,32,ESCUINTLA,2122
7,32,ESCUINTLA,2122
7,32,ESCUINTLA,2122
7,32,ESCUINTLA,2123
7,32,ESCUINTLA,2123
7,32,ESCUINTLA,2123
7,32,ESCUINTLA,2123
7,32,ESCUINTLA,2123
7,46,JIQUIPILAS,638
7,46,JIQUIPILAS,638
7,46,JIQUIPILAS,638
7,46,JIQUIPILAS,638
7,46,JIQUIPILAS,638
7,46,JIQUIPILAS,638
7,46,JIQUIPILAS,638
7,46,JIQUIPILAS,638
7,46,JIQUIPILAS,638
7,46,JIQUIPILAS,639
7,46,JIQUIPILAS,639
7,46,JIQUIPILAS,639
7,46,JIQUIPILAS,639
7,46,JIQUIPILAS,639
7,46,JIQUIPILAS,639
7,46,JIQUIPILAS,639
7,46,JIQUIPILAS,639
7,46,JIQUIPILAS,639
7,46,JIQUIPILAS,639
7,46,JIQUIPILAS,639
7,46,JIQUIPILAS,639
7,46,JIQUIPILAS,640
7,46,JIQUIPILAS,641
7,46,JIQUIPILAS,641
7,46,JIQUIPILAS,641
7,46,JIQUIPILAS,641
7,46,JIQUIPILAS,641
7,46,JIQUIPILAS,642
7,46,JIQUIPILAS,642
7,46,JIQUIPILAS,642
7,46,JIQUIPILAS,642
7,46,JIQUIPILAS,642
7,46,JIQUIPILAS,642
7,46,JIQUIPILAS,642
7,46,JIQUIPILAS,642
7,46,JIQUIPILAS,642
7,46,JIQUIPILAS,642
7,46,JIQUIPILAS,642
7,46,JIQUIPILAS,642
7,46,JIQUIPILAS,643
7,46,JIQUIPILAS,643
7,46,JIQUIPILAS,643
7,46,JIQUIPILAS,643
7,46,JIQUIPILAS,644
7,46,JIQUIPILAS,644
7,46,JIQUIPILAS,644
7,46,JIQUIPILAS,646
7,46,JIQUIPILAS,646
7,46,JIQUIPILAS,647
7,46,JIQUIPILAS,648
7,46,JIQUIPILAS,649
7,46,JIQUIPILAS,649
7,46,JIQUIPILAS,649
7,46,JIQUIPILAS,650
7,46,JIQUIPILAS,651
7,46,JIQUIPILAS,652
7,46,JIQUIPILAS,652
7,46,JIQUIPILAS,652
7,46,JIQUIPILAS,653
7,46,JIQUIPILAS,653
7,46,JIQUIPILAS,654
7,46,JIQUIPILAS,654
7,46,JIQUIPILAS,655
7,46,JIQUIPILAS,656
7,46,JIQUIPILAS,657
7,46,JIQUIPILAS,658
7,46,JIQUIPILAS,659
7,46,JIQUIPILAS,660
7,46,JIQUIPILAS,661
7,46,JIQUIPILAS,661
7,51,MAPASTEPEC,698
7,51,MAPASTEPEC,698
7,51,MAPASTEPEC,698
7,51,MAPASTEPEC,698
7,51,MAPASTEPEC,698
7,51,MAPASTEPEC,699
7,51,MAPASTEPEC,699
7,51,MAPASTEPEC,699
7,51,MAPASTEPEC,699
7,51,MAPASTEPEC,700
7,51,MAPASTEPEC,700
7,51,MAPASTEPEC,700
7,51,MAPASTEPEC,701
7,51,MAPASTEPEC,701
7,51,MAPASTEPEC,701
7,51,MAPASTEPEC,702
7,51,MAPASTEPEC,702
7,51,MAPASTEPEC,702
7,51,MAPASTEPEC,703
7,51,MAPASTEPEC,703
7,51,MAPASTEPEC,703
7,51,MAPASTEPEC,703
7,51,MAPASTEPEC,703
7,51,MAPASTEPEC,704
7,51,MAPASTEPEC,704
7,51,MAPASTEPEC,704
7,51,MAPASTEPEC,705
7,51,MAPASTEPEC,705
7,51,MAPASTEPEC,705
7,51,MAPASTEPEC,706
7,51,MAPASTEPEC,706
7,51,MAPASTEPEC,706
7,51,MAPASTEPEC,706
7,51,MAPASTEPEC,707
7,51,MAPASTEPEC,708
7,51,MAPASTEPEC,709
7,51,MAPASTEPEC,709
7,51,MAPASTEPEC,710
7,51,MAPASTEPEC,710
7,51,MAPASTEPEC,712
7,51,MAPASTEPEC,712
7,51,MAPASTEPEC,713
7,51,MAPASTEPEC,713
7,51,MAPASTEPEC,713
7,51,MAPASTEPEC,713
7,51,MAPASTEPEC,714
7,51,MAPASTEPEC,714
7,51,MAPASTEPEC,714
7,51,MAPASTEPEC,715
7,51,MAPASTEPEC,715
7,51,MAPASTEPEC,715
7,51,MAPASTEPEC,715
7,51,MAPASTEPEC,716
7,51,MAPASTEPEC,716
7,51,MAPASTEPEC,717
7,51,MAPASTEPEC,717
7,51,MAPASTEPEC,717
7,51,MAPASTEPEC,2124
7,51,MAPASTEPEC,2124
7,51,MAPASTEPEC,2124
7,51,MAPASTEPEC,2124
7,51,MAPASTEPEC,2124
7,51,MAPASTEPEC,2124
7,51,MAPASTEPEC,2124
7,51,MAPASTEPEC,2124
7,51,MAPASTEPEC,2124
7,51,MAPASTEPEC,2124
7,51,MAPASTEPEC,2124
7,51,MAPASTEPEC,2124
7,51,MAPASTEPEC,2124
7,51,MAPASTEPEC,2124
7,51,MAPASTEPEC,2124
7,51,MAPASTEPEC,2125
7,51,MAPASTEPEC,2125
7,51,MAPASTEPEC,2125
7,51,MAPASTEPEC,2125
7,51,MAPASTEPEC,2125
7,51,MAPASTEPEC,2125
7,69,PIJIJIAPAN,1008
7,69,PIJIJIAPAN,1008
7,69,PIJIJIAPAN,1008
7,69,PIJIJIAPAN,1008
7,69,PIJIJIAPAN,1008
7,69,PIJIJIAPAN,1008
7,69,PIJIJIAPAN,1008
7,69,PIJIJIAPAN,1008
7,69,PIJIJIAPAN,1008
7,69,PIJIJIAPAN,1008
7,69,PIJIJIAPAN,1009
7,69,PIJIJIAPAN,1009
7,69,PIJIJIAPAN,1009
7,69,PIJIJIAPAN,1009
7,69,PIJIJIAPAN,1009
7,69,PIJIJIAPAN,1009
7,69,PIJIJIAPAN,1010
7,69,PIJIJIAPAN,1010
7,69,PIJIJIAPAN,1010
7,69,PIJIJIAPAN,1010
7,69,PIJIJIAPAN,1010
7,69,PIJIJIAPAN,1010
7,69,PIJIJIAPAN,1010
7,69,PIJIJIAPAN,1010
7,69,PIJIJIAPAN,1010
7,69,PIJIJIAPAN,1011
7,69,PIJIJIAPAN,1011
7,69,PIJIJIAPAN,1011
7,69,PIJIJIAPAN,1011
7,69,PIJIJIAPAN,1011
7,69,PIJIJIAPAN,1011
7,69,PIJIJIAPAN,1011
7,69,PIJIJIAPAN,1011
7,69,PIJIJIAPAN,1011
7,69,PIJIJIAPAN,1012
7,69,PIJIJIAPAN,1012
7,69,PIJIJIAPAN,1012
7,69,PIJIJIAPAN,1012
7,69,PIJIJIAPAN,1013
7,69,PIJIJIAPAN,1013
7,69,PIJIJIAPAN,1013
7,69,PIJIJIAPAN,1013
7,69,PIJIJIAPAN,1013
7,69,PIJIJIAPAN,1013
7,69,PIJIJIAPAN,1013
7,69,PIJIJIAPAN,1015
7,69,PIJIJIAPAN,1015
7,69,PIJIJIAPAN,1016
7,69,PIJIJIAPAN,1017
7,69,PIJIJIAPAN,1017
7,69,PIJIJIAPAN,1017
7,69,PIJIJIAPAN,1017
7,69,PIJIJIAPAN,1017
7,69,PIJIJIAPAN,1018
7,69,PIJIJIAPAN,1018
7,69,PIJIJIAPAN,1018
7,69,PIJIJIAPAN,1019
7,69,PIJIJIAPAN,1019
7,69,PIJIJIAPAN,1019
7,69,PIJIJIAPAN,1021
7,69,PIJIJIAPAN,1022
7,69,PIJIJIAPAN,1022
7,69,PIJIJIAPAN,1023
7,69,PIJIJIAPAN,1024
7,69,PIJIJIAPAN,1024
7,69,PIJIJIAPAN,1024
7,69,PIJIJIAPAN,1025
7,69,PIJIJIAPAN,1026
7,69,PIJIJIAPAN,1027
7,69,PIJIJIAPAN,1028
7,69,PIJIJIAPAN,1028
7,69,PIJIJIAPAN,1029
7,69,PIJIJIAPAN,1029
7,69,PIJIJIAPAN,1029
7,69,PIJIJIAPAN,1029
7,69,PIJIJIAPAN,1030
7,69,PIJIJIAPAN,1031
7,69,PIJIJIAPAN,1031
7,69,PIJIJIAPAN,1032
7,69,PIJIJIAPAN,1032
7,69,PIJIJIAPAN,1033
7,69,PIJIJIAPAN,2302
7,69,PIJIJIAPAN,2302
7,69,PIJIJIAPAN,2302
7,69,PIJIJIAPAN,2302
7,69,PIJIJIAPAN,2302
7,69,PIJIJIAPAN,2302
7,69,PIJIJIAPAN,2302
7,69,PIJIJIAPAN,2302
7,69,PIJIJIAPAN,2302
7,69,PIJIJIAPAN,2302
7,69,PIJIJIAPAN,2302
7,69,PIJIJIAPAN,2302
7,69,PIJIJIAPAN,2303
7,69,PIJIJIAPAN,2303
7,69,PIJIJIAPAN,2303
7,69,PIJIJIAPAN,2303
7,69,PIJIJIAPAN,2303
7,69,PIJIJIAPAN,2303
7,69,PIJIJIAPAN,2303
7,69,PIJIJIAPAN,2303
7,69,PIJIJIAPAN,2303
7,69,PIJIJIAPAN,2303
7,69,PIJIJIAPAN,2303
7,69,PIJIJIAPAN,2303
7,69,PIJIJIAPAN,2303
7,69,PIJIJIAPAN,2303
7,69,PIJIJIAPAN,2303
7,69,PIJIJIAPAN,2303
7,69,PIJIJIAPAN,2303
7,97,TONALA,1486
7,97,TONALA,1486
7,97,TONALA,1486
7,97,TONALA,1486
7,97,TONALA,1486
7,97,TONALA,1486
7,97,TONALA,1486
7,97,TONALA,1486
7,97,TONALA,1487
7,97,TONALA,1487
7,97,TONALA,1487
7,97,TONALA,1487
7,97,TONALA,1487
7,97,TONALA,1487
7,97,TONALA,1487
7,97,TONALA,1487
7,97,TONALA,1487
7,97,TONALA,1487
7,97,TONALA,1487
7,97,TONALA,1487
7,97,TONALA,1488
7,97,TONALA,1488
7,97,TONALA,1488
7,97,TONALA,1488
7,97,TONALA,1488
7,97,TONALA,1488
7,97,TONALA,1489
7,97,TONALA,1489
7,97,TONALA,1489
7,97,TONALA,1489
7,97,TONALA,1489
7,97,TONALA,1489
7,97,TONALA,1489
7,97,TONALA,1489
7,97,TONALA,1490
7,97,TONALA,1490
7,97,TONALA,1490
7,97,TONALA,1490
7,97,TONALA,1490
7,97,TONALA,1490
7,97,TONALA,1490
7,97,TONALA,1490
7,97,TONALA,1491
7,97,TONALA,1491
7,97,TONALA,1491
7,97,TONALA,1491
7,97,TONALA,1492
7,97,TONALA,1492
7,97,TONALA,1492
7,97,TONALA,1492
7,97,TONALA,1492
7,97,TONALA,1493
7,97,TONALA,1493
7,97,TONALA,1494
7,97,TONALA,1495
7,97,TONALA,1495
7,97,TONALA,1496
7,97,TONALA,1497
7,97,TONALA,1498
7,97,TONALA,1498
7,97,TONALA,1498
7,97,TONALA,1498
7,97,TONALA,1498
7,97,TONALA,1498
7,97,TONALA,1498
7,97,TONALA,1500
7,97,TONALA,1500
7,97,TONALA,1501
7,97,TONALA,1501
7,97,TONALA,1501
7,97,TONALA,1501
7,97,TONALA,1501
7,97,TONALA,1501
7,97,TONALA,1501
7,97,TONALA,1501
7,97,TONALA,1501
7,97,TONALA,1501
7,97,TONALA,1501
7,97,TONALA,1501
7,97,TONALA,1501
7,97,TONALA,1501
7,97,TONALA,1503
7,97,TONALA,1504
7,97,TONALA,1504
7,97,TONALA,1504
7,97,TONALA,1504
7,97,TONALA,1504
7,97,TONALA,1506
7,97,TONALA,1506
7,97,TONALA,1507
7,97,TONALA,1507
7,97,TONALA,1508
7,97,TONALA,1509
7,97,TONALA,1510
7,97,TONALA,1510
7,97,TONALA,1510
7,97,TONALA,1511
7,97,TONALA,1511
7,97,TONALA,1513
7,97,TONALA,1513
7,97,TONALA,1514
7,97,TONALA,1515
7,97,TONALA,1515
7,97,TONALA,1515
7,97,TONALA,1516
7,97,TONALA,1516
7,97,TONALA,1516
7,97,TONALA,1516
7,97,TONALA,1516
7,97,TONALA,1516
7,97,TONALA,1517
7,97,TONALA,1517
7,97,TONALA,1517
7,97,TONALA,1518
7,97,TONALA,1518
7,97,TONALA,1519
7,97,TONALA,1519
7,97,TONALA,1519
7,97,TONALA,1520
7,97,TONALA,1521
7,97,TONALA,1522
7,97,TONALA,1523
7,97,TONALA,1523
7,97,TONALA,1523
7,97,TONALA,1523
7,97,TONALA,1523
7,97,TONALA,1523
7,97,TONALA,1524
7,97,TONALA,1524
7,97,TONALA,1525
7,97,TONALA,1526
7,97,TONALA,1527
7,97,TONALA,1528
7,97,TONALA,2304
7,97,TONALA,2304
7,97,TONALA,2304
7,97,TONALA,2304
7,97,TONALA,2304
7,97,TONALA,2304
7,97,TONALA,2304
7,97,TONALA,2305
7,97,TONALA,2305
7,97,TONALA,2305
7,97,TONALA,2305
7,97,TONALA,2305
7,97,TONALA,2305
7,97,TONALA,2305
7,97,TONALA,2305
7,97,TONALA,2305
7,97,TONALA,2306
7,97,TONALA,2306
7,97,TONALA,2306
7,97,TONALA,2306
7,97,TONALA,2306
7,97,TONALA,2306
7,97,TONALA,2306
7,97,TONALA,2306
7,97,TONALA,2306
7,97,TONALA,2306
7,97,TONALA,2307
7,97,TONALA,2307
7,97,TONALA,2307
8,11,BELLA VISTA,116
8,11,BELLA VISTA,116
8,11,BELLA VISTA,116
8,11,BELLA VISTA,116
8,11,BELLA VISTA,116
8,11,BELLA VISTA,117
8,11,BELLA VISTA,117
8,11,BELLA VISTA,117
8,11,BELLA VISTA,120
8,11,BELLA VISTA,120
8,11,BELLA VISTA,120
8,11,BELLA VISTA,120
8,11,BELLA VISTA,120
8,11,BELLA VISTA,120
8,11,BELLA VISTA,120
8,11,BELLA VISTA,121
8,11,BELLA VISTA,129
8,19,COMITAN DE DOMINGUEZ,240
8,19,COMITAN DE DOMINGUEZ,240
8,19,COMITAN DE DOMINGUEZ,240
8,19,COMITAN DE DOMINGUEZ,240
8,19,COMITAN DE DOMINGUEZ,241
8,19,COMITAN DE DOMINGUEZ,242
8,19,COMITAN DE DOMINGUEZ,242
8,19,COMITAN DE DOMINGUEZ,242
8,19,COMITAN DE DOMINGUEZ,242
8,19,COMITAN DE DOMINGUEZ,242
8,19,COMITAN DE DOMINGUEZ,242
8,19,COMITAN DE DOMINGUEZ,242
8,19,COMITAN DE DOMINGUEZ,242
8,19,COMITAN DE DOMINGUEZ,242
8,19,COMITAN DE DOMINGUEZ,242
8,19,COMITAN DE DOMINGUEZ,242
8,19,COMITAN DE DOMINGUEZ,242
8,19,COMITAN DE DOMINGUEZ,242
8,19,COMITAN DE DOMINGUEZ,243
8,19,COMITAN DE DOMINGUEZ,243
8,19,COMITAN DE DOMINGUEZ,243
8,19,COMITAN DE DOMINGUEZ,243
8,19,COMITAN DE DOMINGUEZ,243
8,19,COMITAN DE DOMINGUEZ,243
8,19,COMITAN DE DOMINGUEZ,243
8,19,COMITAN DE DOMINGUEZ,243
8,19,COMITAN DE DOMINGUEZ,245
8,19,COMITAN DE DOMINGUEZ,245
8,19,COMITAN DE DOMINGUEZ,245
8,19,COMITAN DE DOMINGUEZ,246
8,19,COMITAN DE DOMINGUEZ,246
8,19,COMITAN DE DOMINGUEZ,246
8,19,COMITAN DE DOMINGUEZ,247
8,19,COMITAN DE DOMINGUEZ,247
8,19,COMITAN DE DOMINGUEZ,247
8,19,COMITAN DE DOMINGUEZ,247
8,19,COMITAN DE DOMINGUEZ,247
8,19,COMITAN DE DOMINGUEZ,248
8,19,COMITAN DE DOMINGUEZ,248
8,19,COMITAN DE DOMINGUEZ,248
8,19,COMITAN DE DOMINGUEZ,248
8,19,COMITAN DE DOMINGUEZ,248
8,19,COMITAN DE DOMINGUEZ,248
8,19,COMITAN DE DOMINGUEZ,248
8,19,COMITAN DE DOMINGUEZ,248
8,19,COMITAN DE DOMINGUEZ,248
8,19,COMITAN DE DOMINGUEZ,248
8,19,COMITAN DE DOMINGUEZ,249
8,19,COMITAN DE DOMINGUEZ,249
8,19,COMITAN DE DOMINGUEZ,249
8,19,COMITAN DE DOMINGUEZ,249
8,19,COMITAN DE DOMINGUEZ,249
8,19,COMITAN DE DOMINGUEZ,249
8,19,COMITAN DE DOMINGUEZ,249
8,19,COMITAN DE DOMINGUEZ,249
8,19,COMITAN DE DOMINGUEZ,249
8,19,COMITAN DE DOMINGUEZ,249
8,19,COMITAN DE DOMINGUEZ,249
8,19,COMITAN DE DOMINGUEZ,249
8,19,COMITAN DE DOMINGUEZ,249
8,19,COMITAN DE DOMINGUEZ,249
8,19,COMITAN DE DOMINGUEZ,249
8,19,COMITAN DE DOMINGUEZ,249
8,19,COMITAN DE DOMINGUEZ,249
8,19,COMITAN DE DOMINGUEZ,250
8,19,COMITAN DE DOMINGUEZ,250
8,19,COMITAN DE DOMINGUEZ,250
8,19,COMITAN DE DOMINGUEZ,250
8,19,COMITAN DE DOMINGUEZ,250
8,19,COMITAN DE DOMINGUEZ,251
8,19,COMITAN DE DOMINGUEZ,251
8,19,COMITAN DE DOMINGUEZ,251
8,19,COMITAN DE DOMINGUEZ,251
8,19,COMITAN DE DOMINGUEZ,251
8,19,COMITAN DE DOMINGUEZ,252
8,19,COMITAN DE DOMINGUEZ,252
8,19,COMITAN DE DOMINGUEZ,253
8,19,COMITAN DE DOMINGUEZ,253
8,19,COMITAN DE DOMINGUEZ,253
8,19,COMITAN DE DOMINGUEZ,253
8,19,COMITAN DE DOMINGUEZ,253
8,19,COMITAN DE DOMINGUEZ,254
8,19,COMITAN DE DOMINGUEZ,254
8,19,COMITAN DE DOMINGUEZ,255
8,19,COMITAN DE DOMINGUEZ,255
8,19,COMITAN DE DOMINGUEZ,255
8,19,COMITAN DE DOMINGUEZ,255
8,19,COMITAN DE DOMINGUEZ,255
8,19,COMITAN DE DOMINGUEZ,255
8,19,COMITAN DE DOMINGUEZ,255
8,19,COMITAN DE DOMINGUEZ,255
8,19,COMITAN DE DOMINGUEZ,255
8,19,COMITAN DE DOMINGUEZ,255
8,19,COMITAN DE DOMINGUEZ,255
8,19,COMITAN DE DOMINGUEZ,255
8,19,COMITAN DE DOMINGUEZ,255
8,19,COMITAN DE DOMINGUEZ,255
8,19,COMITAN DE DOMINGUEZ,255
8,19,COMITAN DE DOMINGUEZ,255
8,19,COMITAN DE DOMINGUEZ,255
8,19,COMITAN DE DOMINGUEZ,255
8,19,COMITAN DE DOMINGUEZ,256
8,19,COMITAN DE DOMINGUEZ,256
8,19,COMITAN DE DOMINGUEZ,256
8,19,COMITAN DE DOMINGUEZ,256
8,19,COMITAN DE DOMINGUEZ,256
8,19,COMITAN DE DOMINGUEZ,256
8,19,COMITAN DE DOMINGUEZ,256
8,19,COMITAN DE DOMINGUEZ,256
8,19,COMITAN DE DOMINGUEZ,256
8,19,COMITAN DE DOMINGUEZ,256
8,19,COMITAN DE DOMINGUEZ,256
8,19,COMITAN DE DOMINGUEZ,256
8,19,COMITAN DE DOMINGUEZ,257
8,19,COMITAN DE DOMINGUEZ,257
8,19,COMITAN DE DOMINGUEZ,257
8,19,COMITAN DE DOMINGUEZ,257
8,19,COMITAN DE DOMINGUEZ,257
8,19,COMITAN DE DOMINGUEZ,258
8,19,COMITAN DE DOMINGUEZ,258
8,19,COMITAN DE DOMINGUEZ,258
8,19,COMITAN DE DOMINGUEZ,258
8,19,COMITAN DE DOMINGUEZ,259
8,19,COMITAN DE DOMINGUEZ,259
8,19,COMITAN DE DOMINGUEZ,259
8,19,COMITAN DE DOMINGUEZ,259
8,19,COMITAN DE DOMINGUEZ,259
8,19,COMITAN DE DOMINGUEZ,259
8,19,COMITAN DE DOMINGUEZ,259
8,19,COMITAN DE DOMINGUEZ,259
8,19,COMITAN DE DOMINGUEZ,262
8,19,COMITAN DE DOMINGUEZ,262
8,19,COMITAN DE DOMINGUEZ,262
8,19,COMITAN DE DOMINGUEZ,262
8,19,COMITAN DE DOMINGUEZ,262
8,19,COMITAN DE DOMINGUEZ,262
8,19,COMITAN DE DOMINGUEZ,262
8,19,COMITAN DE DOMINGUEZ,262
8,19,COMITAN DE DOMINGUEZ,263
8,19,COMITAN DE DOMINGUEZ,263
8,19,COMITAN DE DOMINGUEZ,263
8,19,COMITAN DE DOMINGUEZ,263
8,19,COMITAN DE DOMINGUEZ,263
8,19,COMITAN DE DOMINGUEZ,263
8,19,COMITAN DE DOMINGUEZ,263
8,19,COMITAN DE DOMINGUEZ,263
8,19,COMITAN DE DOMINGUEZ,263
8,19,COMITAN DE DOMINGUEZ,263
8,19,COMITAN DE DOMINGUEZ,263
8,19,COMITAN DE DOMINGUEZ,264
8,19,COMITAN DE DOMINGUEZ,264
8,19,COMITAN DE DOMINGUEZ,264
8,19,COMITAN DE DOMINGUEZ,264
8,19,COMITAN DE DOMINGUEZ,264
8,19,COMITAN DE DOMINGUEZ,264
8,19,COMITAN DE DOMINGUEZ,264
8,19,COMITAN DE DOMINGUEZ,264
8,19,COMITAN DE DOMINGUEZ,264
8,19,COMITAN DE DOMINGUEZ,264
8,19,COMITAN DE DOMINGUEZ,264
8,19,COMITAN DE DOMINGUEZ,264
8,19,COMITAN DE DOMINGUEZ,264
8,19,COMITAN DE DOMINGUEZ,264
8,19,COMITAN DE DOMINGUEZ,264
8,19,COMITAN DE DOMINGUEZ,264
8,19,COMITAN DE DOMINGUEZ,264
8,19,COMITAN DE DOMINGUEZ,264
8,19,COMITAN DE DOMINGUEZ,264
8,19,COMITAN DE DOMINGUEZ,264
8,19,COMITAN DE DOMINGUEZ,264
8,19,COMITAN DE DOMINGUEZ,264
8,19,COMITAN DE DOMINGUEZ,264
8,19,COMITAN DE DOMINGUEZ,264
8,19,COMITAN DE DOMINGUEZ,264
8,19,COMITAN DE DOMINGUEZ,264
8,19,COMITAN DE DOMINGUEZ,264
8,19,COMITAN DE DOMINGUEZ,264
8,19,COMITAN DE DOMINGUEZ,264
8,19,COMITAN DE DOMINGUEZ,264
8,19,COMITAN DE DOMINGUEZ,264
8,19,COMITAN DE DOMINGUEZ,264
8,19,COMITAN DE DOMINGUEZ,264
8,19,COMITAN DE DOMINGUEZ,264
8,19,COMITAN DE DOMINGUEZ,264
8,19,COMITAN DE DOMINGUEZ,264
8,19,COMITAN DE DOMINGUEZ,264
8,19,COMITAN DE DOMINGUEZ,264
8,19,COMITAN DE DOMINGUEZ,264
8,19,COMITAN DE DOMINGUEZ,265
8,19,COMITAN DE DOMINGUEZ,265
8,19,COMITAN DE DOMINGUEZ,265
8,19,COMITAN DE DOMINGUEZ,267
8,19,COMITAN DE DOMINGUEZ,267
8,19,COMITAN DE DOMINGUEZ,267
8,19,COMITAN DE DOMINGUEZ,267
8,19,COMITAN DE DOMINGUEZ,267
8,19,COMITAN DE DOMINGUEZ,267
8,19,COMITAN DE DOMINGUEZ,267
8,19,COMITAN DE DOMINGUEZ,268
8,19,COMITAN DE DOMINGUEZ,269
8,19,COMITAN DE DOMINGUEZ,270
8,19,COMITAN DE DOMINGUEZ,271
8,19,COMITAN DE DOMINGUEZ,272
8,19,COMITAN DE DOMINGUEZ,273
8,19,COMITAN DE DOMINGUEZ,273
8,19,COMITAN DE DOMINGUEZ,274
8,19,COMITAN DE DOMINGUEZ,274
8,19,COMITAN DE DOMINGUEZ,275
8,19,COMITAN DE DOMINGUEZ,276
8,19,COMITAN DE DOMINGUEZ,276
8,19,COMITAN DE DOMINGUEZ,277
8,19,COMITAN DE DOMINGUEZ,277
8,19,COMITAN DE DOMINGUEZ,277
8,19,COMITAN DE DOMINGUEZ,277
8,19,COMITAN DE DOMINGUEZ,278
8,19,COMITAN DE DOMINGUEZ,279
8,19,COMITAN DE DOMINGUEZ,280
8,19,COMITAN DE DOMINGUEZ,280
8,19,COMITAN DE DOMINGUEZ,280
8,19,COMITAN DE DOMINGUEZ,280
8,19,COMITAN DE DOMINGUEZ,280
8,19,COMITAN DE DOMINGUEZ,281
8,19,COMITAN DE DOMINGUEZ,281
8,19,COMITAN DE DOMINGUEZ,282
8,19,COMITAN DE DOMINGUEZ,282
8,19,COMITAN DE DOMINGUEZ,282
8,19,COMITAN DE DOMINGUEZ,282
8,19,COMITAN DE DOMINGUEZ,282
8,19,COMITAN DE DOMINGUEZ,283
8,19,COMITAN DE DOMINGUEZ,283
8,19,COMITAN DE DOMINGUEZ,283
8,19,COMITAN DE DOMINGUEZ,283
8,19,COMITAN DE DOMINGUEZ,283
8,19,COMITAN DE DOMINGUEZ,284
8,19,COMITAN DE DOMINGUEZ,284
8,19,COMITAN DE DOMINGUEZ,284
8,19,COMITAN DE DOMINGUEZ,284
8,19,COMITAN DE DOMINGUEZ,284
8,19,COMITAN DE DOMINGUEZ,284
8,19,COMITAN DE DOMINGUEZ,285
8,19,COMITAN DE DOMINGUEZ,285
8,19,COMITAN DE DOMINGUEZ,285
8,19,COMITAN DE DOMINGUEZ,286
8,19,COMITAN DE DOMINGUEZ,286
8,19,COMITAN DE DOMINGUEZ,287
8,19,COMITAN DE DOMINGUEZ,287
8,19,COMITAN DE DOMINGUEZ,287
8,19,COMITAN DE DOMINGUEZ,287
8,19,COMITAN DE DOMINGUEZ,287
8,19,COMITAN DE DOMINGUEZ,288
8,19,COMITAN DE DOMINGUEZ,288
8,19,COMITAN DE DOMINGUEZ,288
8,19,COMITAN DE DOMINGUEZ,289
8,19,COMITAN DE DOMINGUEZ,289
8,19,COMITAN DE DOMINGUEZ,289
8,19,COMITAN DE DOMINGUEZ,289
8,19,COMITAN DE DOMINGUEZ,289
8,19,COMITAN DE DOMINGUEZ,289
8,19,COMITAN DE DOMINGUEZ,290
8,19,COMITAN DE DOMINGUEZ,291
8,19,COMITAN DE DOMINGUEZ,292
8,19,COMITAN DE DOMINGUEZ,292
8,19,COMITAN DE DOMINGUEZ,292
8,19,COMITAN DE DOMINGUEZ,292
8,19,COMITAN DE DOMINGUEZ,292
8,19,COMITAN DE DOMINGUEZ,292
8,19,COMITAN DE DOMINGUEZ,292
8,19,COMITAN DE DOMINGUEZ,292
8,19,COMITAN DE DOMINGUEZ,292
8,19,COMITAN DE DOMINGUEZ,292
8,19,COMITAN DE DOMINGUEZ,2126
8,19,COMITAN DE DOMINGUEZ,2126
8,19,COMITAN DE DOMINGUEZ,2126
8,19,COMITAN DE DOMINGUEZ,2126
8,19,COMITAN DE DOMINGUEZ,2126
8,19,COMITAN DE DOMINGUEZ,2126
8,19,COMITAN DE DOMINGUEZ,2126
8,19,COMITAN DE DOMINGUEZ,2126
8,19,COMITAN DE DOMINGUEZ,2126
8,19,COMITAN DE DOMINGUEZ,2126
8,19,COMITAN DE DOMINGUEZ,2126
8,19,COMITAN DE DOMINGUEZ,2127
8,19,COMITAN DE DOMINGUEZ,2127
8,19,COMITAN DE DOMINGUEZ,2127
8,19,COMITAN DE DOMINGUEZ,2127
8,19,COMITAN DE DOMINGUEZ,2127
8,19,COMITAN DE DOMINGUEZ,2127
8,19,COMITAN DE DOMINGUEZ,2127
8,19,COMITAN DE DOMINGUEZ,2127
8,19,COMITAN DE DOMINGUEZ,2127
8,19,COMITAN DE DOMINGUEZ,2127
8,19,COMITAN DE DOMINGUEZ,2127
8,19,COMITAN DE DOMINGUEZ,2127
8,19,COMITAN DE DOMINGUEZ,2127
8,19,COMITAN DE DOMINGUEZ,2151
8,19,COMITAN DE DOMINGUEZ,2151
8,19,COMITAN DE DOMINGUEZ,2151
8,19,COMITAN DE DOMINGUEZ,2151
8,19,COMITAN DE DOMINGUEZ,2151
8,19,COMITAN DE DOMINGUEZ,2151
8,19,COMITAN DE DOMINGUEZ,2152
8,19,COMITAN DE DOMINGUEZ,2152
8,19,COMITAN DE DOMINGUEZ,2152
8,19,COMITAN DE DOMINGUEZ,2152
8,19,COMITAN DE DOMINGUEZ,2152
8,19,COMITAN DE DOMINGUEZ,2153
8,19,COMITAN DE DOMINGUEZ,2153
8,19,COMITAN DE DOMINGUEZ,2153
8,19,COMITAN DE DOMINGUEZ,2153
8,19,COMITAN DE DOMINGUEZ,2153
8,19,COMITAN DE DOMINGUEZ,2153
8,19,COMITAN DE DOMINGUEZ,2153
8,19,COMITAN DE DOMINGUEZ,2153
8,19,COMITAN DE DOMINGUEZ,2153
8,19,COMITAN DE DOMINGUEZ,2153
8,19,COMITAN DE DOMINGUEZ,2153
8,19,COMITAN DE DOMINGUEZ,2153
8,19,COMITAN DE DOMINGUEZ,2153
8,19,COMITAN DE DOMINGUEZ,2153
8,19,COMITAN DE DOMINGUEZ,2154
8,19,COMITAN DE DOMINGUEZ,2154
8,19,COMITAN DE DOMINGUEZ,2154
8,19,COMITAN DE DOMINGUEZ,2154
8,19,COMITAN DE DOMINGUEZ,2154
8,19,COMITAN DE DOMINGUEZ,2154
8,19,COMITAN DE DOMINGUEZ,2154
8,19,COMITAN DE DOMINGUEZ,2154
8,19,COMITAN DE DOMINGUEZ,2154
8,19,COMITAN DE DOMINGUEZ,2154
8,19,COMITAN DE DOMINGUEZ,2155
8,19,COMITAN DE DOMINGUEZ,2155
8,19,COMITAN DE DOMINGUEZ,2155
8,19,COMITAN DE DOMINGUEZ,2155
8,19,COMITAN DE DOMINGUEZ,2155
8,19,COMITAN DE DOMINGUEZ,2155
8,19,COMITAN DE DOMINGUEZ,2155
8,19,COMITAN DE DOMINGUEZ,2155
8,19,COMITAN DE DOMINGUEZ,2155
8,19,COMITAN DE DOMINGUEZ,2156
8,19,COMITAN DE DOMINGUEZ,2156
8,19,COMITAN DE DOMINGUEZ,2156
8,19,COMITAN DE DOMINGUEZ,2156
8,19,COMITAN DE DOMINGUEZ,2156
8,19,COMITAN DE DOMINGUEZ,2156
8,19,COMITAN DE DOMINGUEZ,2156
8,19,COMITAN DE DOMINGUEZ,2156
8,19,COMITAN DE DOMINGUEZ,2156
8,19,COMITAN DE DOMINGUEZ,2156
8,19,COMITAN DE DOMINGUEZ,2156
8,19,COMITAN DE DOMINGUEZ,2156
8,19,COMITAN DE DOMINGUEZ,2156
8,19,COMITAN DE DOMINGUEZ,2157
8,19,COMITAN DE DOMINGUEZ,2157
8,19,COMITAN DE DOMINGUEZ,2157
8,19,COMITAN DE DOMINGUEZ,2157
8,19,COMITAN DE DOMINGUEZ,2157
8,19,COMITAN DE DOMINGUEZ,2157
8,19,COMITAN DE DOMINGUEZ,2157
8,19,COMITAN DE DOMINGUEZ,2157
8,19,COMITAN DE DOMINGUEZ,2157
8,19,COMITAN DE DOMINGUEZ,2157
8,19,COMITAN DE DOMINGUEZ,2158
8,19,COMITAN DE DOMINGUEZ,2158
8,19,COMITAN DE DOMINGUEZ,2158
8,19,COMITAN DE DOMINGUEZ,2158
8,19,COMITAN DE DOMINGUEZ,2158
8,19,COMITAN DE DOMINGUEZ,2158
8,19,COMITAN DE DOMINGUEZ,2158
8,19,COMITAN DE DOMINGUEZ,2158
8,19,COMITAN DE DOMINGUEZ,2158
8,19,COMITAN DE DOMINGUEZ,2158
8,19,COMITAN DE DOMINGUEZ,2158
8,19,COMITAN DE DOMINGUEZ,2158
8,19,COMITAN DE DOMINGUEZ,2158
8,19,COMITAN DE DOMINGUEZ,2198
8,19,COMITAN DE DOMINGUEZ,2198
8,19,COMITAN DE DOMINGUEZ,2198
8,19,COMITAN DE DOMINGUEZ,2198
8,19,COMITAN DE DOMINGUEZ,2198
8,19,COMITAN DE DOMINGUEZ,2198
8,19,COMITAN DE DOMINGUEZ,2198
8,19,COMITAN DE DOMINGUEZ,2198
8,19,COMITAN DE DOMINGUEZ,2198
8,19,COMITAN DE DOMINGUEZ,2199
8,19,COMITAN DE DOMINGUEZ,2199
8,19,COMITAN DE DOMINGUEZ,2199
8,19,COMITAN DE DOMINGUEZ,2199
8,19,COMITAN DE DOMINGUEZ,2199
8,19,COMITAN DE DOMINGUEZ,2199
8,19,COMITAN DE DOMINGUEZ,2199
8,19,COMITAN DE DOMINGUEZ,2199
8,19,COMITAN DE DOMINGUEZ,2199
8,19,COMITAN DE DOMINGUEZ,2199
8,19,COMITAN DE DOMINGUEZ,2199
8,19,COMITAN DE DOMINGUEZ,2200
8,19,COMITAN DE DOMINGUEZ,2200
8,19,COMITAN DE DOMINGUEZ,2200
8,19,COMITAN DE DOMINGUEZ,2200
8,19,COMITAN DE DOMINGUEZ,2200
8,19,COMITAN DE DOMINGUEZ,2200
8,19,COMITAN DE DOMINGUEZ,2200
8,19,COMITAN DE DOMINGUEZ,2200
8,19,COMITAN DE DOMINGUEZ,2200
8,19,COMITAN DE DOMINGUEZ,2200
8,19,COMITAN DE DOMINGUEZ,2200
8,19,COMITAN DE DOMINGUEZ,2200
8,19,COMITAN DE DOMINGUEZ,2200
8,19,COMITAN DE DOMINGUEZ,2200
8,19,COMITAN DE DOMINGUEZ,2200
8,19,COMITAN DE DOMINGUEZ,2200
8,19,COMITAN DE DOMINGUEZ,2200
8,19,COMITAN DE DOMINGUEZ,2200
8,19,COMITAN DE DOMINGUEZ,2200
8,19,COMITAN DE DOMINGUEZ,2200
8,19,COMITAN DE DOMINGUEZ,2200
8,19,COMITAN DE DOMINGUEZ,2201
8,19,COMITAN DE DOMINGUEZ,2201
8,19,COMITAN DE DOMINGUEZ,2201
8,19,COMITAN DE DOMINGUEZ,2201
8,19,COMITAN DE DOMINGUEZ,2201
8,19,COMITAN DE DOMINGUEZ,2201
8,19,COMITAN DE DOMINGUEZ,2201
8,19,COMITAN DE DOMINGUEZ,2201
8,19,COMITAN DE DOMINGUEZ,2201
8,19,COMITAN DE DOMINGUEZ,2201
8,19,COMITAN DE DOMINGUEZ,2201
8,19,COMITAN DE DOMINGUEZ,2201
8,19,COMITAN DE DOMINGUEZ,2201
8,30,CHICOMUSELO,439
8,30,CHICOMUSELO,439
8,30,CHICOMUSELO,439
8,30,CHICOMUSELO,439
8,30,CHICOMUSELO,439
8,30,CHICOMUSELO,439
8,30,CHICOMUSELO,440
8,30,CHICOMUSELO,440
8,30,CHICOMUSELO,440
8,30,CHICOMUSELO,440
8,30,CHICOMUSELO,440
8,30,CHICOMUSELO,440
8,30,CHICOMUSELO,440
8,30,CHICOMUSELO,441
8,30,CHICOMUSELO,441
8,30,CHICOMUSELO,441
8,30,CHICOMUSELO,441
8,30,CHICOMUSELO,441
8,30,CHICOMUSELO,441
8,30,CHICOMUSELO,441
8,30,CHICOMUSELO,442
8,30,CHICOMUSELO,443
8,30,CHICOMUSELO,443
8,30,CHICOMUSELO,444
8,30,CHICOMUSELO,444
8,30,CHICOMUSELO,444
8,30,CHICOMUSELO,444
8,30,CHICOMUSELO,444
8,30,CHICOMUSELO,444
8,30,CHICOMUSELO,444
8,30,CHICOMUSELO,444
8,30,CHICOMUSELO,444
8,30,CHICOMUSELO,444
8,30,CHICOMUSELO,445
8,30,CHICOMUSELO,445
8,30,CHICOMUSELO,445
8,30,CHICOMUSELO,445
8,30,CHICOMUSELO,446
8,30,CHICOMUSELO,446
8,30,CHICOMUSELO,446
8,30,CHICOMUSELO,447
8,30,CHICOMUSELO,448
8,30,CHICOMUSELO,448
8,30,CHICOMUSELO,448
8,30,CHICOMUSELO,449
8,30,CHICOMUSELO,449
8,30,CHICOMUSELO,449
8,30,CHICOMUSELO,449
8,30,CHICOMUSELO,450
8,30,CHICOMUSELO,450
8,30,CHICOMUSELO,450
8,30,CHICOMUSELO,450
8,30,CHICOMUSELO,451
8,30,CHICOMUSELO,452
8,30,CHICOMUSELO,453
8,30,CHICOMUSELO,454
8,30,CHICOMUSELO,455
8,34,FRONTERA COMALAPA,505
8,34,FRONTERA COMALAPA,505
8,34,FRONTERA COMALAPA,505
8,34,FRONTERA COMALAPA,505
8,34,FRONTERA COMALAPA,505
8,34,FRONTERA COMALAPA,505
8,34,FRONTERA COMALAPA,505
8,34,FRONTERA COMALAPA,505
8,34,FRONTERA COMALAPA,505
8,34,FRONTERA COMALAPA,505
8,34,FRONTERA COMALAPA,505
8,34,FRONTERA COMALAPA,505
8,34,FRONTERA COMALAPA,505
8,34,FRONTERA COMALAPA,505
8,34,FRONTERA COMALAPA,505
8,34,FRONTERA COMALAPA,505
8,34,FRONTERA COMALAPA,505
8,34,FRONTERA COMALAPA,505
8,34,FRONTERA COMALAPA,505
8,34,FRONTERA COMALAPA,505
8,34,FRONTERA COMALAPA,505
8,34,FRONTERA COMALAPA,505
8,34,FRONTERA COMALAPA,505
8,34,FRONTERA COMALAPA,505
8,34,FRONTERA COMALAPA,505
8,34,FRONTERA COMALAPA,505
8,34,FRONTERA COMALAPA,505
8,34,FRONTERA COMALAPA,505
8,34,FRONTERA COMALAPA,505
8,34,FRONTERA COMALAPA,505
8,34,FRONTERA COMALAPA,506
8,34,FRONTERA COMALAPA,506
8,34,FRONTERA COMALAPA,506
8,34,FRONTERA COMALAPA,506
8,34,FRONTERA COMALAPA,506
8,34,FRONTERA COMALAPA,506
8,34,FRONTERA COMALAPA,506
8,34,FRONTERA COMALAPA,506
8,34,FRONTERA COMALAPA,506
8,34,FRONTERA COMALAPA,506
8,34,FRONTERA COMALAPA,506
8,34,FRONTERA COMALAPA,506
8,34,FRONTERA COMALAPA,506
8,34,FRONTERA COMALAPA,506
8,34,FRONTERA COMALAPA,506
8,34,FRONTERA COMALAPA,506
8,34,FRONTERA COMALAPA,506
8,34,FRONTERA COMALAPA,506
8,34,FRONTERA COMALAPA,506
8,34,FRONTERA COMALAPA,506
8,34,FRONTERA COMALAPA,506
8,34,FRONTERA COMALAPA,508
8,34,FRONTERA COMALAPA,508
8,34,FRONTERA COMALAPA,508
8,34,FRONTERA COMALAPA,508
8,34,FRONTERA COMALAPA,508
8,34,FRONTERA COMALAPA,508
8,34,FRONTERA COMALAPA,508
8,34,FRONTERA COMALAPA,508
8,34,FRONTERA COMALAPA,508
8,34,FRONTERA COMALAPA,508
8,34,FRONTERA COMALAPA,508
8,34,FRONTERA COMALAPA,508
8,34,FRONTERA COMALAPA,509
8,34,FRONTERA COMALAPA,509
8,34,FRONTERA COMALAPA,509
8,34,FRONTERA COMALAPA,510
8,34,FRONTERA COMALAPA,510
8,34,FRONTERA COMALAPA,510
8,34,FRONTERA COMALAPA,511
8,34,FRONTERA COMALAPA,512
8,34,FRONTERA COMALAPA,512
8,34,FRONTERA COMALAPA,513
8,34,FRONTERA COMALAPA,513
8,34,FRONTERA COMALAPA,513
8,34,FRONTERA COMALAPA,514
8,34,FRONTERA COMALAPA,515
8,34,FRONTERA COMALAPA,515
8,34,FRONTERA COMALAPA,515
8,34,FRONTERA COMALAPA,516
8,34,FRONTERA COMALAPA,516
8,34,FRONTERA COMALAPA,517
8,34,FRONTERA COMALAPA,517
8,34,FRONTERA COMALAPA,517
8,34,FRONTERA COMALAPA,517
8,34,FRONTERA COMALAPA,517
8,34,FRONTERA COMALAPA,518
8,34,FRONTERA COMALAPA,520
8,34,FRONTERA COMALAPA,520
8,34,FRONTERA COMALAPA,521
8,34,FRONTERA COMALAPA,522
8,34,FRONTERA COMALAPA,523
8,34,FRONTERA COMALAPA,523
8,34,FRONTERA COMALAPA,524
8,34,FRONTERA COMALAPA,525
8,34,FRONTERA COMALAPA,525
8,34,FRONTERA COMALAPA,526
8,34,FRONTERA COMALAPA,526
8,34,FRONTERA COMALAPA,527
8,34,FRONTERA COMALAPA,527
8,34,FRONTERA COMALAPA,527
8,34,FRONTERA COMALAPA,528
8,34,FRONTERA COMALAPA,529
8,34,FRONTERA COMALAPA,530
8,34,FRONTERA COMALAPA,530
8,34,FRONTERA COMALAPA,531
8,34,FRONTERA COMALAPA,2128
8,34,FRONTERA COMALAPA,2128
8,34,FRONTERA COMALAPA,2128
8,34,FRONTERA COMALAPA,2128
8,34,FRONTERA COMALAPA,2128
8,34,FRONTERA COMALAPA,2128
8,34,FRONTERA COMALAPA,2128
8,34,FRONTERA COMALAPA,2128
8,34,FRONTERA COMALAPA,2128
8,34,FRONTERA COMALAPA,2128
8,34,FRONTERA COMALAPA,2129
8,34,FRONTERA COMALAPA,2129
8,34,FRONTERA COMALAPA,2130
8,34,FRONTERA COMALAPA,2130
8,34,FRONTERA COMALAPA,2308
8,34,FRONTERA COMALAPA,2308
8,34,FRONTERA COMALAPA,2309
8,34,FRONTERA COMALAPA,2309
8,34,FRONTERA COMALAPA,2309
8,34,FRONTERA COMALAPA,2309
8,34,FRONTERA COMALAPA,2309
8,34,FRONTERA COMALAPA,2309
8,34,FRONTERA COMALAPA,2309
8,34,FRONTERA COMALAPA,2309
8,34,FRONTERA COMALAPA,2309
8,34,FRONTERA COMALAPA,2309
8,34,FRONTERA COMALAPA,2309
8,34,FRONTERA COMALAPA,2309
8,34,FRONTERA COMALAPA,2309
8,34,FRONTERA COMALAPA,2309
8,34,FRONTERA COMALAPA,2309
8,34,FRONTERA COMALAPA,2309
8,34,FRONTERA COMALAPA,2309
8,34,FRONTERA COMALAPA,2309
8,34,FRONTERA COMALAPA,2309
8,84,SOCOLTENANGO,1226
8,84,SOCOLTENANGO,1226
8,84,SOCOLTENANGO,1226
8,84,SOCOLTENANGO,1226
8,84,SOCOLTENANGO,1226
8,84,SOCOLTENANGO,1226
8,84,SOCOLTENANGO,1226
8,84,SOCOLTENANGO,1226
8,84,SOCOLTENANGO,1226
8,84,SOCOLTENANGO,1226
8,84,SOCOLTENANGO,1226
8,84,SOCOLTENANGO,1227
8,84,SOCOLTENANGO,1227
8,84,SOCOLTENANGO,1227
8,84,SOCOLTENANGO,1227
8,84,SOCOLTENANGO,1227
8,84,SOCOLTENANGO,1227
8,84,SOCOLTENANGO,1227
8,84,SOCOLTENANGO,1228
8,84,SOCOLTENANGO,1228
8,84,SOCOLTENANGO,1228
8,84,SOCOLTENANGO,1228
8,84,SOCOLTENANGO,1229
8,84,SOCOLTENANGO,1229
8,84,SOCOLTENANGO,1229
8,84,SOCOLTENANGO,1229
8,84,SOCOLTENANGO,1229
8,84,SOCOLTENANGO,1229
8,84,SOCOLTENANGO,1229
8,84,SOCOLTENANGO,1229
8,84,SOCOLTENANGO,1230
8,84,SOCOLTENANGO,1230
8,84,SOCOLTENANGO,1230
8,84,SOCOLTENANGO,1230
8,84,SOCOLTENANGO,1230
8,84,SOCOLTENANGO,1230
8,84,SOCOLTENANGO,1230
8,84,SOCOLTENANGO,1230
8,84,SOCOLTENANGO,1231
8,84,SOCOLTENANGO,1231
8,84,SOCOLTENANGO,1231
8,84,SOCOLTENANGO,1231
8,84,SOCOLTENANGO,1231
8,84,SOCOLTENANGO,1231
8,84,SOCOLTENANGO,1232
8,84,SOCOLTENANGO,1232
8,84,SOCOLTENANGO,1232
8,84,SOCOLTENANGO,1232
8,84,SOCOLTENANGO,1232
8,99,LA TRINITARIA,1532
8,99,LA TRINITARIA,1532
8,99,LA TRINITARIA,1532
8,99,LA TRINITARIA,1532
8,99,LA TRINITARIA,1533
8,99,LA TRINITARIA,1533
8,99,LA TRINITARIA,1533
8,99,LA TRINITARIA,1533
8,99,LA TRINITARIA,1533
8,99,LA TRINITARIA,1533
8,99,LA TRINITARIA,1533
8,99,LA TRINITARIA,1533
8,99,LA TRINITARIA,1534
8,99,LA TRINITARIA,1534
8,99,LA TRINITARIA,1534
8,99,LA TRINITARIA,1534
8,99,LA TRINITARIA,1535
8,99,LA TRINITARIA,1535
8,99,LA TRINITARIA,1535
8,99,LA TRINITARIA,1535
8,99,LA TRINITARIA,1535
8,99,LA TRINITARIA,1535
8,99,LA TRINITARIA,1535
8,99,LA TRINITARIA,1535
8,99,LA TRINITARIA,1535
8,99,LA TRINITARIA,1536
8,99,LA TRINITARIA,1536
8,99,LA TRINITARIA,1536
8,99,LA TRINITARIA,1536
8,99,LA TRINITARIA,1536
8,99,LA TRINITARIA,1536
8,99,LA TRINITARIA,1536
8,99,LA TRINITARIA,1536
8,99,LA TRINITARIA,1536
8,99,LA TRINITARIA,1536
8,99,LA TRINITARIA,1537
8,99,LA TRINITARIA,1537
8,99,LA TRINITARIA,1537
8,99,LA TRINITARIA,1538
8,99,LA TRINITARIA,1539
8,99,LA TRINITARIA,1539
8,99,LA TRINITARIA,1539
8,99,LA TRINITARIA,1540
8,99,LA TRINITARIA,1540
8,99,LA TRINITARIA,1540
8,99,LA TRINITARIA,1541
8,99,LA TRINITARIA,1542
8,99,LA TRINITARIA,1543
8,99,LA TRINITARIA,1544
8,99,LA TRINITARIA,1545
8,99,LA TRINITARIA,1545
8,99,LA TRINITARIA,1546
8,99,LA TRINITARIA,1547
8,99,LA TRINITARIA,1547
8,99,LA TRINITARIA,1548
8,99,LA TRINITARIA,1548
8,99,LA TRINITARIA,1550
8,99,LA TRINITARIA,1550
8,99,LA TRINITARIA,1550
8,99,LA TRINITARIA,1551
8,99,LA TRINITARIA,1552
8,99,LA TRINITARIA,1553
8,99,LA TRINITARIA,1554
8,99,LA TRINITARIA,1554
8,99,LA TRINITARIA,1554
8,99,LA TRINITARIA,1555
8,99,LA TRINITARIA,1556
8,99,LA TRINITARIA,1557
8,99,LA TRINITARIA,1558
8,99,LA TRINITARIA,1559
8,99,LA TRINITARIA,1560
8,99,LA TRINITARIA,1561
8,99,LA TRINITARIA,1561
8,99,LA TRINITARIA,1561
8,99,LA TRINITARIA,1561
8,99,LA TRINITARIA,1561
8,99,LA TRINITARIA,1562
8,99,LA TRINITARIA,1562
8,99,LA TRINITARIA,1562
8,99,LA TRINITARIA,1562
8,99,LA TRINITARIA,1562
8,99,LA TRINITARIA,1564
8,99,LA TRINITARIA,1564
8,99,LA TRINITARIA,1564
8,99,LA TRINITARIA,1564
8,99,LA TRINITARIA,1564
8,99,LA TRINITARIA,1564
8,99,LA TRINITARIA,1565
8,99,LA TRINITARIA,1565
8,99,LA TRINITARIA,1565
8,99,LA TRINITARIA,1565
8,99,LA TRINITARIA,1566
8,99,LA TRINITARIA,1566
8,99,LA TRINITARIA,1567
8,104,TZIMOL,1771
8,104,TZIMOL,1771
8,104,TZIMOL,1771
8,104,TZIMOL,1771
8,104,TZIMOL,1771
8,104,TZIMOL,1771
8,104,TZIMOL,1771
8,104,TZIMOL,1772
8,104,TZIMOL,1772
8,104,TZIMOL,1772
8,104,TZIMOL,1772
8,104,TZIMOL,1772
8,104,TZIMOL,1772
8,104,TZIMOL,1772
8,104,TZIMOL,1773
8,104,TZIMOL,1773
8,104,TZIMOL,1773
8,104,TZIMOL,1773
8,104,TZIMOL,1773
8,104,TZIMOL,1773
8,104,TZIMOL,1774
8,104,TZIMOL,1774
8,104,TZIMOL,1775
8,104,TZIMOL,1775
8,104,TZIMOL,1776
8,104,TZIMOL,1776
8,104,TZIMOL,1776
8,104,TZIMOL,1776
8,104,TZIMOL,1777
8,104,TZIMOL,1777
8,104,TZIMOL,1777
9,102,TUXTLA GUTIERREZ,1603
9,102,TUXTLA GUTIERREZ,1604
9,102,TUXTLA GUTIERREZ,1605
9,102,TUXTLA GUTIERREZ,1605
9,102,TUXTLA GUTIERREZ,1605
9,102,TUXTLA GUTIERREZ,1607
9,102,TUXTLA GUTIERREZ,1607
9,102,TUXTLA GUTIERREZ,1608
9,102,TUXTLA GUTIERREZ,1608
9,102,TUXTLA GUTIERREZ,1608
9,102,TUXTLA GUTIERREZ,1609
9,102,TUXTLA GUTIERREZ,1609
9,102,TUXTLA GUTIERREZ,1609
9,102,TUXTLA GUTIERREZ,1609
9,102,TUXTLA GUTIERREZ,1609
9,102,TUXTLA GUTIERREZ,1609
9,102,TUXTLA GUTIERREZ,1609
9,102,TUXTLA GUTIERREZ,1610
9,102,TUXTLA GUTIERREZ,1610
9,102,TUXTLA GUTIERREZ,1610
9,102,TUXTLA GUTIERREZ,1610
9,102,TUXTLA GUTIERREZ,1610
9,102,TUXTLA GUTIERREZ,1610
9,102,TUXTLA GUTIERREZ,1610
9,102,TUXTLA GUTIERREZ,1610
9,102,TUXTLA GUTIERREZ,1610
9,102,TUXTLA GUTIERREZ,1610
9,102,TUXTLA GUTIERREZ,1610
9,102,TUXTLA GUTIERREZ,1610
9,102,TUXTLA GUTIERREZ,1610
9,102,TUXTLA GUTIERREZ,1610
9,102,TUXTLA GUTIERREZ,1610
9,102,TUXTLA GUTIERREZ,1610
9,102,TUXTLA GUTIERREZ,1610
9,102,TUXTLA GUTIERREZ,1610
9,102,TUXTLA GUTIERREZ,1610
9,102,TUXTLA GUTIERREZ,1611
9,102,TUXTLA GUTIERREZ,1611
9,102,TUXTLA GUTIERREZ,1611
9,102,TUXTLA GUTIERREZ,1611
9,102,TUXTLA GUTIERREZ,1611
9,102,TUXTLA GUTIERREZ,1612
9,102,TUXTLA GUTIERREZ,1612
9,102,TUXTLA GUTIERREZ,1612
9,102,TUXTLA GUTIERREZ,1613
9,102,TUXTLA GUTIERREZ,1614
9,102,TUXTLA GUTIERREZ,1615
9,102,TUXTLA GUTIERREZ,1615
9,102,TUXTLA GUTIERREZ,1615
9,102,TUXTLA GUTIERREZ,1615
9,102,TUXTLA GUTIERREZ,1617
9,102,TUXTLA GUTIERREZ,1617
9,102,TUXTLA GUTIERREZ,1617
9,102,TUXTLA GUTIERREZ,1617
9,102,TUXTLA GUTIERREZ,1617
9,102,TUXTLA GUTIERREZ,1618
9,102,TUXTLA GUTIERREZ,1619
9,102,TUXTLA GUTIERREZ,1619
9,102,TUXTLA GUTIERREZ,1620
9,102,TUXTLA GUTIERREZ,1620
9,102,TUXTLA GUTIERREZ,1620
9,102,TUXTLA GUTIERREZ,1620
9,102,TUXTLA GUTIERREZ,1620
9,102,TUXTLA GUTIERREZ,1628
9,102,TUXTLA GUTIERREZ,1629
9,102,TUXTLA GUTIERREZ,1629
9,102,TUXTLA GUTIERREZ,1629
9,102,TUXTLA GUTIERREZ,1629
9,102,TUXTLA GUTIERREZ,1629
9,102,TUXTLA GUTIERREZ,1629
9,102,TUXTLA GUTIERREZ,1629
9,102,TUXTLA GUTIERREZ,1629
9,102,TUXTLA GUTIERREZ,1629
9,102,TUXTLA GUTIERREZ,1630
9,102,TUXTLA GUTIERREZ,1630
9,102,TUXTLA GUTIERREZ,1631
9,102,TUXTLA GUTIERREZ,1631
9,102,TUXTLA GUTIERREZ,1631
9,102,TUXTLA GUTIERREZ,1631
9,102,TUXTLA GUTIERREZ,1631
9,102,TUXTLA GUTIERREZ,1631
9,102,TUXTLA GUTIERREZ,1632
9,102,TUXTLA GUTIERREZ,1632
9,102,TUXTLA GUTIERREZ,1632
9,102,TUXTLA GUTIERREZ,1633
9,102,TUXTLA GUTIERREZ,1633
9,102,TUXTLA GUTIERREZ,1633
9,102,TUXTLA GUTIERREZ,1633
9,102,TUXTLA GUTIERREZ,1633
9,102,TUXTLA GUTIERREZ,1634
9,102,TUXTLA GUTIERREZ,1634
9,102,TUXTLA GUTIERREZ,1634
9,102,TUXTLA GUTIERREZ,1634
9,102,TUXTLA GUTIERREZ,1634
9,102,TUXTLA GUTIERREZ,1634
9,102,TUXTLA GUTIERREZ,1634
9,102,TUXTLA GUTIERREZ,1634
9,102,TUXTLA GUTIERREZ,1634
9,102,TUXTLA GUTIERREZ,1634
9,102,TUXTLA GUTIERREZ,1634
9,102,TUXTLA GUTIERREZ,1635
9,102,TUXTLA GUTIERREZ,1635
9,102,TUXTLA GUTIERREZ,1635
9,102,TUXTLA GUTIERREZ,1636
9,102,TUXTLA GUTIERREZ,1636
9,102,TUXTLA GUTIERREZ,1636
9,102,TUXTLA GUTIERREZ,1636
9,102,TUXTLA GUTIERREZ,1636
9,102,TUXTLA GUTIERREZ,1636
9,102,TUXTLA GUTIERREZ,1636
9,102,TUXTLA GUTIERREZ,1637
9,102,TUXTLA GUTIERREZ,1637
9,102,TUXTLA GUTIERREZ,1637
9,102,TUXTLA GUTIERREZ,1637
9,102,TUXTLA GUTIERREZ,1637
9,102,TUXTLA GUTIERREZ,1638
9,102,TUXTLA GUTIERREZ,1638
9,102,TUXTLA GUTIERREZ,1638
9,102,TUXTLA GUTIERREZ,1638
9,102,TUXTLA GUTIERREZ,1638
9,102,TUXTLA GUTIERREZ,1638
9,102,TUXTLA GUTIERREZ,1638
9,102,TUXTLA GUTIERREZ,1638
9,102,TUXTLA GUTIERREZ,1638
9,102,TUXTLA GUTIERREZ,1638
9,102,TUXTLA GUTIERREZ,1638
9,102,TUXTLA GUTIERREZ,1638
9,102,TUXTLA GUTIERREZ,1638
9,102,TUXTLA GUTIERREZ,1638
9,102,TUXTLA GUTIERREZ,1638
9,102,TUXTLA GUTIERREZ,1638
9,102,TUXTLA GUTIERREZ,1638
9,102,TUXTLA GUTIERREZ,1638
9,102,TUXTLA GUTIERREZ,1638
9,102,TUXTLA GUTIERREZ,1638
9,102,TUXTLA GUTIERREZ,1638
9,102,TUXTLA GUTIERREZ,1638
9,102,TUXTLA GUTIERREZ,1638
9,102,TUXTLA GUTIERREZ,1638
9,102,TUXTLA GUTIERREZ,1638
9,102,TUXTLA GUTIERREZ,1638
9,102,TUXTLA GUTIERREZ,1639
9,102,TUXTLA GUTIERREZ,1640
9,102,TUXTLA GUTIERREZ,1640
9,102,TUXTLA GUTIERREZ,1640
9,102,TUXTLA GUTIERREZ,1640
9,102,TUXTLA GUTIERREZ,1640
9,102,TUXTLA GUTIERREZ,1640
9,102,TUXTLA GUTIERREZ,1640
9,102,TUXTLA GUTIERREZ,1640
9,102,TUXTLA GUTIERREZ,1640
9,102,TUXTLA GUTIERREZ,1640
9,102,TUXTLA GUTIERREZ,1640
9,102,TUXTLA GUTIERREZ,1640
9,102,TUXTLA GUTIERREZ,1640
9,102,TUXTLA GUTIERREZ,1640
9,102,TUXTLA GUTIERREZ,1640
9,102,TUXTLA GUTIERREZ,1640
9,102,TUXTLA GUTIERREZ,1640
9,102,TUXTLA GUTIERREZ,1640
9,102,TUXTLA GUTIERREZ,1641
9,102,TUXTLA GUTIERREZ,1641
9,102,TUXTLA GUTIERREZ,1641
9,102,TUXTLA GUTIERREZ,1641
9,102,TUXTLA GUTIERREZ,1641
9,102,TUXTLA GUTIERREZ,1641
9,102,TUXTLA GUTIERREZ,1641
9,102,TUXTLA GUTIERREZ,1641
9,102,TUXTLA GUTIERREZ,1641
9,102,TUXTLA GUTIERREZ,1641
9,102,TUXTLA GUTIERREZ,1641
9,102,TUXTLA GUTIERREZ,1641
9,102,TUXTLA GUTIERREZ,1641
9,102,TUXTLA GUTIERREZ,1641
9,102,TUXTLA GUTIERREZ,1641
9,102,TUXTLA GUTIERREZ,1641
9,102,TUXTLA GUTIERREZ,1641
9,102,TUXTLA GUTIERREZ,1641
9,102,TUXTLA GUTIERREZ,1642
9,102,TUXTLA GUTIERREZ,1642
9,102,TUXTLA GUTIERREZ,1643
9,102,TUXTLA GUTIERREZ,1644
9,102,TUXTLA GUTIERREZ,1644
9,102,TUXTLA GUTIERREZ,1644
9,102,TUXTLA GUTIERREZ,1644
9,102,TUXTLA GUTIERREZ,1644
9,102,TUXTLA GUTIERREZ,1644
9,102,TUXTLA GUTIERREZ,1644
9,102,TUXTLA GUTIERREZ,1644
9,102,TUXTLA GUTIERREZ,1644
9,102,TUXTLA GUTIERREZ,1645
9,102,TUXTLA GUTIERREZ,1645
9,102,TUXTLA GUTIERREZ,1645
9,102,TUXTLA GUTIERREZ,1645
9,102,TUXTLA GUTIERREZ,1646
9,102,TUXTLA GUTIERREZ,1646
9,102,TUXTLA GUTIERREZ,1646
9,102,TUXTLA GUTIERREZ,1647
9,102,TUXTLA GUTIERREZ,1647
9,102,TUXTLA GUTIERREZ,1647
9,102,TUXTLA GUTIERREZ,1647
9,102,TUXTLA GUTIERREZ,1647
9,102,TUXTLA GUTIERREZ,1648
9,102,TUXTLA GUTIERREZ,1648
9,102,TUXTLA GUTIERREZ,1648
9,102,TUXTLA GUTIERREZ,1648
9,102,TUXTLA GUTIERREZ,1649
9,102,TUXTLA GUTIERREZ,1649
9,102,TUXTLA GUTIERREZ,1649
9,102,TUXTLA GUTIERREZ,1649
9,102,TUXTLA GUTIERREZ,1649
9,102,TUXTLA GUTIERREZ,1649
9,102,TUXTLA GUTIERREZ,1649
9,102,TUXTLA GUTIERREZ,1649
9,102,TUXTLA GUTIERREZ,1650
9,102,TUXTLA GUTIERREZ,1650
9,102,TUXTLA GUTIERREZ,1651
9,102,TUXTLA GUTIERREZ,1652
9,102,TUXTLA GUTIERREZ,1652
9,102,TUXTLA GUTIERREZ,1653
9,102,TUXTLA GUTIERREZ,1653
9,102,TUXTLA GUTIERREZ,1653
9,102,TUXTLA GUTIERREZ,1653
9,102,TUXTLA GUTIERREZ,1653
9,102,TUXTLA GUTIERREZ,1653
9,102,TUXTLA GUTIERREZ,1654
9,102,TUXTLA GUTIERREZ,1654
9,102,TUXTLA GUTIERREZ,1654
9,102,TUXTLA GUTIERREZ,1654
9,102,TUXTLA GUTIERREZ,1654
9,102,TUXTLA GUTIERREZ,1654
9,102,TUXTLA GUTIERREZ,1664
9,102,TUXTLA GUTIERREZ,1664
9,102,TUXTLA GUTIERREZ,1664
9,102,TUXTLA GUTIERREZ,1665
9,102,TUXTLA GUTIERREZ,1665
9,102,TUXTLA GUTIERREZ,1665
9,102,TUXTLA GUTIERREZ,1667
9,102,TUXTLA GUTIERREZ,1668
9,102,TUXTLA GUTIERREZ,1668
9,102,TUXTLA GUTIERREZ,1669
9,102,TUXTLA GUTIERREZ,1670
9,102,TUXTLA GUTIERREZ,1671
9,102,TUXTLA GUTIERREZ,1672
9,102,TUXTLA GUTIERREZ,1672
9,102,TUXTLA GUTIERREZ,1672
9,102,TUXTLA GUTIERREZ,1672
9,102,TUXTLA GUTIERREZ,1672
9,102,TUXTLA GUTIERREZ,1672
9,102,TUXTLA GUTIERREZ,1672
9,102,TUXTLA GUTIERREZ,1672
9,102,TUXTLA GUTIERREZ,1672
9,102,TUXTLA GUTIERREZ,1673
9,102,TUXTLA GUTIERREZ,1673
9,102,TUXTLA GUTIERREZ,1673
9,102,TUXTLA GUTIERREZ,1673
9,102,TUXTLA GUTIERREZ,1673
9,102,TUXTLA GUTIERREZ,1673
9,102,TUXTLA GUTIERREZ,1673
9,102,TUXTLA GUTIERREZ,1673
9,102,TUXTLA GUTIERREZ,1673
9,102,TUXTLA GUTIERREZ,1673
9,102,TUXTLA GUTIERREZ,1673
9,102,TUXTLA GUTIERREZ,1673
9,102,TUXTLA GUTIERREZ,1673
9,102,TUXTLA GUTIERREZ,1673
9,102,TUXTLA GUTIERREZ,1673
9,102,TUXTLA GUTIERREZ,1673
9,102,TUXTLA GUTIERREZ,1673
9,102,TUXTLA GUTIERREZ,1673
9,102,TUXTLA GUTIERREZ,1673
9,102,TUXTLA GUTIERREZ,1673
9,102,TUXTLA GUTIERREZ,1674
9,102,TUXTLA GUTIERREZ,1674
9,102,TUXTLA GUTIERREZ,1674
9,102,TUXTLA GUTIERREZ,1674
9,102,TUXTLA GUTIERREZ,1674
9,102,TUXTLA GUTIERREZ,1674
9,102,TUXTLA GUTIERREZ,1674
9,102,TUXTLA GUTIERREZ,1674
9,102,TUXTLA GUTIERREZ,1674
9,102,TUXTLA GUTIERREZ,1674
9,102,TUXTLA GUTIERREZ,1674
9,102,TUXTLA GUTIERREZ,1674
9,102,TUXTLA GUTIERREZ,1675
9,102,TUXTLA GUTIERREZ,1675
9,102,TUXTLA GUTIERREZ,1675
9,102,TUXTLA GUTIERREZ,1675
9,102,TUXTLA GUTIERREZ,1675
9,102,TUXTLA GUTIERREZ,1676
9,102,TUXTLA GUTIERREZ,1676
9,102,TUXTLA GUTIERREZ,1676
9,102,TUXTLA GUTIERREZ,1677
9,102,TUXTLA GUTIERREZ,1678
9,102,TUXTLA GUTIERREZ,1679
9,102,TUXTLA GUTIERREZ,1679
9,102,TUXTLA GUTIERREZ,1680
9,102,TUXTLA GUTIERREZ,1680
9,102,TUXTLA GUTIERREZ,1680
9,102,TUXTLA GUTIERREZ,1680
9,102,TUXTLA GUTIERREZ,1681
9,102,TUXTLA GUTIERREZ,1681
9,102,TUXTLA GUTIERREZ,1681
9,102,TUXTLA GUTIERREZ,1682
9,102,TUXTLA GUTIERREZ,1689
9,102,TUXTLA GUTIERREZ,1690
9,102,TUXTLA GUTIERREZ,1690
9,102,TUXTLA GUTIERREZ,1690
9,102,TUXTLA GUTIERREZ,1691
9,102,TUXTLA GUTIERREZ,1692
9,102,TUXTLA GUTIERREZ,1692
9,102,TUXTLA GUTIERREZ,1692
9,102,TUXTLA GUTIERREZ,1693
9,102,TUXTLA GUTIERREZ,1693
9,102,TUXTLA GUTIERREZ,1694
9,102,TUXTLA GUTIERREZ,1694
9,102,TUXTLA GUTIERREZ,1694
9,102,TUXTLA GUTIERREZ,1695
9,102,TUXTLA GUTIERREZ,1695
9,102,TUXTLA GUTIERREZ,1695
9,102,TUXTLA GUTIERREZ,1695
9,102,TUXTLA GUTIERREZ,1695
9,102,TUXTLA GUTIERREZ,1696
9,102,TUXTLA GUTIERREZ,1697
9,102,TUXTLA GUTIERREZ,1697
9,102,TUXTLA GUTIERREZ,1697
9,102,TUXTLA GUTIERREZ,1698
9,102,TUXTLA GUTIERREZ,1698
9,102,TUXTLA GUTIERREZ,1698
9,102,TUXTLA GUTIERREZ,1698
9,102,TUXTLA GUTIERREZ,1699
9,102,TUXTLA GUTIERREZ,1699
9,102,TUXTLA GUTIERREZ,1700
9,102,TUXTLA GUTIERREZ,1700
9,102,TUXTLA GUTIERREZ,1700
9,102,TUXTLA GUTIERREZ,1700
9,102,TUXTLA GUTIERREZ,1700
9,102,TUXTLA GUTIERREZ,1700
9,102,TUXTLA GUTIERREZ,1701
9,102,TUXTLA GUTIERREZ,1702
9,102,TUXTLA GUTIERREZ,1703
9,102,TUXTLA GUTIERREZ,1704
9,102,TUXTLA GUTIERREZ,1704
9,102,TUXTLA GUTIERREZ,1704
9,102,TUXTLA GUTIERREZ,1705
9,102,TUXTLA GUTIERREZ,1705
9,102,TUXTLA GUTIERREZ,1705
9,102,TUXTLA GUTIERREZ,1706
9,102,TUXTLA GUTIERREZ,1706
9,102,TUXTLA GUTIERREZ,1706
9,102,TUXTLA GUTIERREZ,1706
9,102,TUXTLA GUTIERREZ,1707
9,102,TUXTLA GUTIERREZ,1707
9,102,TUXTLA GUTIERREZ,1707
9,102,TUXTLA GUTIERREZ,1707
9,102,TUXTLA GUTIERREZ,1707
9,102,TUXTLA GUTIERREZ,1707
9,102,TUXTLA GUTIERREZ,1708
9,102,TUXTLA GUTIERREZ,1708
9,102,TUXTLA GUTIERREZ,1708
9,102,TUXTLA GUTIERREZ,1708
9,102,TUXTLA GUTIERREZ,1708
9,102,TUXTLA GUTIERREZ,1708
9,102,TUXTLA GUTIERREZ,1708
9,102,TUXTLA GUTIERREZ,1709
9,102,TUXTLA GUTIERREZ,1709
9,102,TUXTLA GUTIERREZ,1709
9,102,TUXTLA GUTIERREZ,1710
9,102,TUXTLA GUTIERREZ,1710
9,102,TUXTLA GUTIERREZ,1711
9,102,TUXTLA GUTIERREZ,1712
9,102,TUXTLA GUTIERREZ,1712
9,102,TUXTLA GUTIERREZ,1712
9,102,TUXTLA GUTIERREZ,1712
9,102,TUXTLA GUTIERREZ,1719
9,102,TUXTLA GUTIERREZ,1719
9,102,TUXTLA GUTIERREZ,1719
9,102,TUXTLA GUTIERREZ,1720
9,102,TUXTLA GUTIERREZ,1720
9,102,TUXTLA GUTIERREZ,1720
9,102,TUXTLA GUTIERREZ,1720
9,102,TUXTLA GUTIERREZ,1720
9,102,TUXTLA GUTIERREZ,1720
9,102,TUXTLA GUTIERREZ,1721
9,102,TUXTLA GUTIERREZ,1721
9,102,TUXTLA GUTIERREZ,1721
9,102,TUXTLA GUTIERREZ,1722
9,102,TUXTLA GUTIERREZ,1723
9,102,TUXTLA GUTIERREZ,1724
9,102,TUXTLA GUTIERREZ,1724
9,102,TUXTLA GUTIERREZ,1724
9,102,TUXTLA GUTIERREZ,1725
9,102,TUXTLA GUTIERREZ,1726
9,102,TUXTLA GUTIERREZ,1727
9,102,TUXTLA GUTIERREZ,1727
9,102,TUXTLA GUTIERREZ,1727
9,102,TUXTLA GUTIERREZ,1727
9,102,TUXTLA GUTIERREZ,1727
9,102,TUXTLA GUTIERREZ,1728
9,102,TUXTLA GUTIERREZ,1728
9,102,TUXTLA GUTIERREZ,1728
9,102,TUXTLA GUTIERREZ,1730
9,102,TUXTLA GUTIERREZ,1730
9,102,TUXTLA GUTIERREZ,1732
9,102,TUXTLA GUTIERREZ,1732
9,102,TUXTLA GUTIERREZ,1732
9,102,TUXTLA GUTIERREZ,1732
9,102,TUXTLA GUTIERREZ,1732
9,102,TUXTLA GUTIERREZ,1732
9,102,TUXTLA GUTIERREZ,1733
9,102,TUXTLA GUTIERREZ,1734
9,102,TUXTLA GUTIERREZ,1734
9,102,TUXTLA GUTIERREZ,1734
9,102,TUXTLA GUTIERREZ,1734
9,102,TUXTLA GUTIERREZ,1734
9,102,TUXTLA GUTIERREZ,1734
9,102,TUXTLA GUTIERREZ,1734
9,102,TUXTLA GUTIERREZ,1735
9,102,TUXTLA GUTIERREZ,1735
9,102,TUXTLA GUTIERREZ,1735
9,102,TUXTLA GUTIERREZ,1735
9,102,TUXTLA GUTIERREZ,1735
9,102,TUXTLA GUTIERREZ,1735
9,102,TUXTLA GUTIERREZ,1735
9,102,TUXTLA GUTIERREZ,1735
9,102,TUXTLA GUTIERREZ,1735
9,102,TUXTLA GUTIERREZ,1735
9,102,TUXTLA GUTIERREZ,1735
9,102,TUXTLA GUTIERREZ,1735
9,102,TUXTLA GUTIERREZ,1735
9,102,TUXTLA GUTIERREZ,1735
9,102,TUXTLA GUTIERREZ,1735
9,102,TUXTLA GUTIERREZ,1735
9,102,TUXTLA GUTIERREZ,1735
9,102,TUXTLA GUTIERREZ,1735
9,102,TUXTLA GUTIERREZ,1738
9,102,TUXTLA GUTIERREZ,1738
9,102,TUXTLA GUTIERREZ,1739
9,102,TUXTLA GUTIERREZ,1739
9,102,TUXTLA GUTIERREZ,1739
9,102,TUXTLA GUTIERREZ,1739
9,102,TUXTLA GUTIERREZ,1739
9,102,TUXTLA GUTIERREZ,1739
9,102,TUXTLA GUTIERREZ,1739
9,102,TUXTLA GUTIERREZ,1739
9,102,TUXTLA GUTIERREZ,1739
9,102,TUXTLA GUTIERREZ,1739
9,102,TUXTLA GUTIERREZ,1739
9,102,TUXTLA GUTIERREZ,1739
9,102,TUXTLA GUTIERREZ,1739
9,102,TUXTLA GUTIERREZ,1739
9,102,TUXTLA GUTIERREZ,1739
9,102,TUXTLA GUTIERREZ,1739
9,102,TUXTLA GUTIERREZ,1739
9,102,TUXTLA GUTIERREZ,1739
9,102,TUXTLA GUTIERREZ,1739
9,102,TUXTLA GUTIERREZ,1739
9,102,TUXTLA GUTIERREZ,1739
9,102,TUXTLA GUTIERREZ,1739
9,102,TUXTLA GUTIERREZ,1739
9,102,TUXTLA GUTIERREZ,1739
9,102,TUXTLA GUTIERREZ,1739
9,102,TUXTLA GUTIERREZ,1739
9,102,TUXTLA GUTIERREZ,1739
9,102,TUXTLA GUTIERREZ,1739
9,102,TUXTLA GUTIERREZ,1739
9,102,TUXTLA GUTIERREZ,1739
9,102,TUXTLA GUTIERREZ,1739
9,102,TUXTLA GUTIERREZ,1739
9,102,TUXTLA GUTIERREZ,1739
9,102,TUXTLA GUTIERREZ,1739
9,102,TUXTLA GUTIERREZ,1739
9,102,TUXTLA GUTIERREZ,1739
9,102,TUXTLA GUTIERREZ,1739
9,102,TUXTLA GUTIERREZ,1739
9,102,TUXTLA GUTIERREZ,1739
9,102,TUXTLA GUTIERREZ,1739
9,102,TUXTLA GUTIERREZ,1739
9,102,TUXTLA GUTIERREZ,1739
9,102,TUXTLA GUTIERREZ,1739
9,102,TUXTLA GUTIERREZ,1739
9,102,TUXTLA GUTIERREZ,1739
9,102,TUXTLA GUTIERREZ,1739
9,102,TUXTLA GUTIERREZ,1739
9,102,TUXTLA GUTIERREZ,1739
9,102,TUXTLA GUTIERREZ,1741
9,102,TUXTLA GUTIERREZ,1741
9,102,TUXTLA GUTIERREZ,1741
9,102,TUXTLA GUTIERREZ,1745
9,102,TUXTLA GUTIERREZ,1745
9,102,TUXTLA GUTIERREZ,1745
9,102,TUXTLA GUTIERREZ,1745
9,102,TUXTLA GUTIERREZ,1745
9,102,TUXTLA GUTIERREZ,1745
9,102,TUXTLA GUTIERREZ,1745
9,102,TUXTLA GUTIERREZ,1745
9,102,TUXTLA GUTIERREZ,1746
9,102,TUXTLA GUTIERREZ,1746
9,102,TUXTLA GUTIERREZ,1746
9,102,TUXTLA GUTIERREZ,1746
9,102,TUXTLA GUTIERREZ,1746
9,102,TUXTLA GUTIERREZ,1747
9,102,TUXTLA GUTIERREZ,1747
9,102,TUXTLA GUTIERREZ,1747
9,102,TUXTLA GUTIERREZ,1747
9,102,TUXTLA GUTIERREZ,1747
9,102,TUXTLA GUTIERREZ,1747
9,102,TUXTLA GUTIERREZ,1747
9,102,TUXTLA GUTIERREZ,1747
9,102,TUXTLA GUTIERREZ,1747
9,102,TUXTLA GUTIERREZ,1748
9,102,TUXTLA GUTIERREZ,1748
9,102,TUXTLA GUTIERREZ,1748
9,102,TUXTLA GUTIERREZ,1748
9,102,TUXTLA GUTIERREZ,1748
9,102,TUXTLA GUTIERREZ,1748
9,102,TUXTLA GUTIERREZ,1748
9,102,TUXTLA GUTIERREZ,1748
9,102,TUXTLA GUTIERREZ,1748
9,102,TUXTLA GUTIERREZ,1748
9,102,TUXTLA GUTIERREZ,1748
9,102,TUXTLA GUTIERREZ,1748
9,102,TUXTLA GUTIERREZ,1753
9,102,TUXTLA GUTIERREZ,1753
9,102,TUXTLA GUTIERREZ,1753
9,102,TUXTLA GUTIERREZ,1753
9,102,TUXTLA GUTIERREZ,1753
9,102,TUXTLA GUTIERREZ,1753
9,102,TUXTLA GUTIERREZ,1753
9,102,TUXTLA GUTIERREZ,1754
9,102,TUXTLA GUTIERREZ,1754
9,102,TUXTLA GUTIERREZ,1754
9,102,TUXTLA GUTIERREZ,1754
9,102,TUXTLA GUTIERREZ,1754
9,102,TUXTLA GUTIERREZ,1930
9,102,TUXTLA GUTIERREZ,1930
9,102,TUXTLA GUTIERREZ,1930
9,102,TUXTLA GUTIERREZ,1930
9,102,TUXTLA GUTIERREZ,1930
9,102,TUXTLA GUTIERREZ,1931
9,102,TUXTLA GUTIERREZ,1932
9,102,TUXTLA GUTIERREZ,1933
9,102,TUXTLA GUTIERREZ,1934
9,102,TUXTLA GUTIERREZ,1935
9,102,TUXTLA GUTIERREZ,1936
9,102,TUXTLA GUTIERREZ,1936
9,102,TUXTLA GUTIERREZ,1937
9,102,TUXTLA GUTIERREZ,1937
9,102,TUXTLA GUTIERREZ,1938
9,102,TUXTLA GUTIERREZ,1939
9,102,TUXTLA GUTIERREZ,1939
9,102,TUXTLA GUTIERREZ,1939
9,102,TUXTLA GUTIERREZ,1940
9,102,TUXTLA GUTIERREZ,1940
9,102,TUXTLA GUTIERREZ,1941
9,102,TUXTLA GUTIERREZ,1941
9,102,TUXTLA GUTIERREZ,1941
9,102,TUXTLA GUTIERREZ,1942
9,102,TUXTLA GUTIERREZ,1943
9,102,TUXTLA GUTIERREZ,1943
9,102,TUXTLA GUTIERREZ,1943
9,102,TUXTLA GUTIERREZ,1943
9,102,TUXTLA GUTIERREZ,1944
9,102,TUXTLA GUTIERREZ,1945
9,102,TUXTLA GUTIERREZ,1945
9,102,TUXTLA GUTIERREZ,1945
9,102,TUXTLA GUTIERREZ,1945
9,102,TUXTLA GUTIERREZ,1946
9,102,TUXTLA GUTIERREZ,1947
9,102,TUXTLA GUTIERREZ,1947
9,102,TUXTLA GUTIERREZ,1948
9,102,TUXTLA GUTIERREZ,1949
9,102,TUXTLA GUTIERREZ,1949
9,102,TUXTLA GUTIERREZ,1950
9,102,TUXTLA GUTIERREZ,1951
9,102,TUXTLA GUTIERREZ,1951
9,102,TUXTLA GUTIERREZ,1951
9,102,TUXTLA GUTIERREZ,1952
9,102,TUXTLA GUTIERREZ,1952
9,102,TUXTLA GUTIERREZ,1953
9,102,TUXTLA GUTIERREZ,1953
9,102,TUXTLA GUTIERREZ,1953
9,102,TUXTLA GUTIERREZ,1954
9,102,TUXTLA GUTIERREZ,1955
9,102,TUXTLA GUTIERREZ,1956
9,102,TUXTLA GUTIERREZ,1957
9,102,TUXTLA GUTIERREZ,1957
9,102,TUXTLA GUTIERREZ,1958
9,102,TUXTLA GUTIERREZ,1958
9,102,TUXTLA GUTIERREZ,1959
9,102,TUXTLA GUTIERREZ,1960
9,102,TUXTLA GUTIERREZ,1961
9,102,TUXTLA GUTIERREZ,1961
9,102,TUXTLA GUTIERREZ,1962
9,102,TUXTLA GUTIERREZ,1963
9,102,TUXTLA GUTIERREZ,1964
9,102,TUXTLA GUTIERREZ,1964
9,102,TUXTLA GUTIERREZ,1964
9,102,TUXTLA GUTIERREZ,1965
9,102,TUXTLA GUTIERREZ,1966
9,102,TUXTLA GUTIERREZ,1966
9,102,TUXTLA GUTIERREZ,1967
9,102,TUXTLA GUTIERREZ,1968
9,102,TUXTLA GUTIERREZ,2116
9,102,TUXTLA GUTIERREZ,2116
9,102,TUXTLA GUTIERREZ,2116
9,102,TUXTLA GUTIERREZ,2116
9,102,TUXTLA GUTIERREZ,2116
9,102,TUXTLA GUTIERREZ,2116
9,102,TUXTLA GUTIERREZ,2116
9,102,TUXTLA GUTIERREZ,2116
9,102,TUXTLA GUTIERREZ,2116
9,102,TUXTLA GUTIERREZ,2117
9,102,TUXTLA GUTIERREZ,2117
9,102,TUXTLA GUTIERREZ,2117
9,102,TUXTLA GUTIERREZ,2117
9,102,TUXTLA GUTIERREZ,2117
9,102,TUXTLA GUTIERREZ,2118
9,102,TUXTLA GUTIERREZ,2118
9,102,TUXTLA GUTIERREZ,2118
9,102,TUXTLA GUTIERREZ,2118
9,102,TUXTLA GUTIERREZ,2119
9,102,TUXTLA GUTIERREZ,2119
9,102,TUXTLA GUTIERREZ,2119
9,102,TUXTLA GUTIERREZ,2119
9,102,TUXTLA GUTIERREZ,2119
9,102,TUXTLA GUTIERREZ,2119
9,102,TUXTLA GUTIERREZ,2119
9,102,TUXTLA GUTIERREZ,2119
9,102,TUXTLA GUTIERREZ,2119
9,102,TUXTLA GUTIERREZ,2119
9,102,TUXTLA GUTIERREZ,2119
9,102,TUXTLA GUTIERREZ,2119
9,102,TUXTLA GUTIERREZ,2119
9,102,TUXTLA GUTIERREZ,2119
9,102,TUXTLA GUTIERREZ,2119
9,102,TUXTLA GUTIERREZ,2119
9,102,TUXTLA GUTIERREZ,2119
9,102,TUXTLA GUTIERREZ,2119
9,102,TUXTLA GUTIERREZ,2119
9,102,TUXTLA GUTIERREZ,2119
9,102,TUXTLA GUTIERREZ,2119
9,102,TUXTLA GUTIERREZ,2119
9,102,TUXTLA GUTIERREZ,2148
9,102,TUXTLA GUTIERREZ,2148
9,102,TUXTLA GUTIERREZ,2148
9,102,TUXTLA GUTIERREZ,2148
9,102,TUXTLA GUTIERREZ,2148
9,102,TUXTLA GUTIERREZ,2148
9,102,TUXTLA GUTIERREZ,2148
9,102,TUXTLA GUTIERREZ,2148
9,102,TUXTLA GUTIERREZ,2148
9,102,TUXTLA GUTIERREZ,2149
9,102,TUXTLA GUTIERREZ,2149
9,102,TUXTLA GUTIERREZ,2149
9,102,TUXTLA GUTIERREZ,2149
9,102,TUXTLA GUTIERREZ,2149
9,102,TUXTLA GUTIERREZ,2149
9,102,TUXTLA GUTIERREZ,2149
9,102,TUXTLA GUTIERREZ,2149
9,102,TUXTLA GUTIERREZ,2150
9,102,TUXTLA GUTIERREZ,2150
9,102,TUXTLA GUTIERREZ,2150
9,102,TUXTLA GUTIERREZ,2150
9,102,TUXTLA GUTIERREZ,2159
9,102,TUXTLA GUTIERREZ,2159
9,102,TUXTLA GUTIERREZ,2159
9,102,TUXTLA GUTIERREZ,2159
9,102,TUXTLA GUTIERREZ,2159
9,102,TUXTLA GUTIERREZ,2159
9,102,TUXTLA GUTIERREZ,2159
9,102,TUXTLA GUTIERREZ,2159
9,102,TUXTLA GUTIERREZ,2159
9,102,TUXTLA GUTIERREZ,2159
9,102,TUXTLA GUTIERREZ,2159
9,102,TUXTLA GUTIERREZ,2159
9,102,TUXTLA GUTIERREZ,2159
9,102,TUXTLA GUTIERREZ,2159
9,102,TUXTLA GUTIERREZ,2159
9,102,TUXTLA GUTIERREZ,2160
9,102,TUXTLA GUTIERREZ,2160
9,102,TUXTLA GUTIERREZ,2160
9,102,TUXTLA GUTIERREZ,2160
9,102,TUXTLA GUTIERREZ,2160
9,102,TUXTLA GUTIERREZ,2160
9,102,TUXTLA GUTIERREZ,2160
9,102,TUXTLA GUTIERREZ,2161
9,102,TUXTLA GUTIERREZ,2161
9,102,TUXTLA GUTIERREZ,2161
9,102,TUXTLA GUTIERREZ,2161
9,102,TUXTLA GUTIERREZ,2161
9,102,TUXTLA GUTIERREZ,2162
9,102,TUXTLA GUTIERREZ,2162
9,102,TUXTLA GUTIERREZ,2162
9,102,TUXTLA GUTIERREZ,2162
9,102,TUXTLA GUTIERREZ,2162
9,102,TUXTLA GUTIERREZ,2162
9,102,TUXTLA GUTIERREZ,2162
9,102,TUXTLA GUTIERREZ,2162
9,102,TUXTLA GUTIERREZ,2162
9,102,TUXTLA GUTIERREZ,2162
9,102,TUXTLA GUTIERREZ,2162
9,102,TUXTLA GUTIERREZ,2163
9,102,TUXTLA GUTIERREZ,2163
9,102,TUXTLA GUTIERREZ,2163
9,102,TUXTLA GUTIERREZ,2163
9,102,TUXTLA GUTIERREZ,2164
9,102,TUXTLA GUTIERREZ,2164
9,102,TUXTLA GUTIERREZ,2164
9,102,TUXTLA GUTIERREZ,2164
9,102,TUXTLA GUTIERREZ,2164
9,102,TUXTLA GUTIERREZ,2164
9,102,TUXTLA GUTIERREZ,2164
9,102,TUXTLA GUTIERREZ,2164
9,102,TUXTLA GUTIERREZ,2164
9,102,TUXTLA GUTIERREZ,2164
9,102,TUXTLA GUTIERREZ,2164
9,102,TUXTLA GUTIERREZ,2164
9,102,TUXTLA GUTIERREZ,2164
9,102,TUXTLA GUTIERREZ,2164
9,102,TUXTLA GUTIERREZ,2164
9,102,TUXTLA GUTIERREZ,2164
9,102,TUXTLA GUTIERREZ,2164
9,102,TUXTLA GUTIERREZ,2164
9,102,TUXTLA GUTIERREZ,2165
9,102,TUXTLA GUTIERREZ,2165
9,102,TUXTLA GUTIERREZ,2165
9,102,TUXTLA GUTIERREZ,2165
9,102,TUXTLA GUTIERREZ,2165
9,102,TUXTLA GUTIERREZ,2165
9,102,TUXTLA GUTIERREZ,2165
9,102,TUXTLA GUTIERREZ,2165
9,102,TUXTLA GUTIERREZ,2165
9,102,TUXTLA GUTIERREZ,2165
9,102,TUXTLA GUTIERREZ,2165
9,102,TUXTLA GUTIERREZ,2165
9,102,TUXTLA GUTIERREZ,2165
9,102,TUXTLA GUTIERREZ,2165
9,102,TUXTLA GUTIERREZ,2165
9,102,TUXTLA GUTIERREZ,2165
9,102,TUXTLA GUTIERREZ,2166
9,102,TUXTLA GUTIERREZ,2166
9,102,TUXTLA GUTIERREZ,2167
9,102,TUXTLA GUTIERREZ,2167
9,102,TUXTLA GUTIERREZ,2167
9,102,TUXTLA GUTIERREZ,2167
9,102,TUXTLA GUTIERREZ,2167
9,102,TUXTLA GUTIERREZ,2167
9,102,TUXTLA GUTIERREZ,2167
9,102,TUXTLA GUTIERREZ,2167
9,102,TUXTLA GUTIERREZ,2167
9,102,TUXTLA GUTIERREZ,2167
9,102,TUXTLA GUTIERREZ,2167
9,102,TUXTLA GUTIERREZ,2167
9,102,TUXTLA GUTIERREZ,2167
9,102,TUXTLA GUTIERREZ,2167
9,102,TUXTLA GUTIERREZ,2167
9,102,TUXTLA GUTIERREZ,2168
9,102,TUXTLA GUTIERREZ,2168
9,102,TUXTLA GUTIERREZ,2168
9,102,TUXTLA GUTIERREZ,2168
9,102,TUXTLA GUTIERREZ,2168
9,102,TUXTLA GUTIERREZ,2168
9,102,TUXTLA GUTIERREZ,2168
9,102,TUXTLA GUTIERREZ,2168
9,102,TUXTLA GUTIERREZ,2168
9,102,TUXTLA GUTIERREZ,2168
9,102,TUXTLA GUTIERREZ,2168
9,102,TUXTLA GUTIERREZ,2169
9,102,TUXTLA GUTIERREZ,2169
9,102,TUXTLA GUTIERREZ,2169
9,102,TUXTLA GUTIERREZ,2169
9,102,TUXTLA GUTIERREZ,2169
9,102,TUXTLA GUTIERREZ,2169
9,102,TUXTLA GUTIERREZ,2169
9,102,TUXTLA GUTIERREZ,2169
9,102,TUXTLA GUTIERREZ,2169
9,102,TUXTLA GUTIERREZ,2169
9,102,TUXTLA GUTIERREZ,2169
9,102,TUXTLA GUTIERREZ,2191
9,102,TUXTLA GUTIERREZ,2191
9,102,TUXTLA GUTIERREZ,2191
9,102,TUXTLA GUTIERREZ,2191
9,102,TUXTLA GUTIERREZ,2191
9,102,TUXTLA GUTIERREZ,2191
9,102,TUXTLA GUTIERREZ,2191
9,102,TUXTLA GUTIERREZ,2192
9,102,TUXTLA GUTIERREZ,2192
9,102,TUXTLA GUTIERREZ,2192
9,102,TUXTLA GUTIERREZ,2192
9,102,TUXTLA GUTIERREZ,2192
9,102,TUXTLA GUTIERREZ,2192
9,102,TUXTLA GUTIERREZ,2192
9,102,TUXTLA GUTIERREZ,2193
9,102,TUXTLA GUTIERREZ,2193
9,102,TUXTLA GUTIERREZ,2193
9,102,TUXTLA GUTIERREZ,2193
9,102,TUXTLA GUTIERREZ,2194
9,102,TUXTLA GUTIERREZ,2194
9,102,TUXTLA GUTIERREZ,2194
9,102,TUXTLA GUTIERREZ,2194
9,102,TUXTLA GUTIERREZ,2194
9,102,TUXTLA GUTIERREZ,2194
9,102,TUXTLA GUTIERREZ,2195
9,102,TUXTLA GUTIERREZ,2195
9,102,TUXTLA GUTIERREZ,2195
9,102,TUXTLA GUTIERREZ,2195
9,102,TUXTLA GUTIERREZ,2195
9,102,TUXTLA GUTIERREZ,2195
9,102,TUXTLA GUTIERREZ,2195
9,102,TUXTLA GUTIERREZ,2195
9,102,TUXTLA GUTIERREZ,2195
9,102,TUXTLA GUTIERREZ,2195
9,102,TUXTLA GUTIERREZ,2196
9,102,TUXTLA GUTIERREZ,2196
9,102,TUXTLA GUTIERREZ,2197
9,102,TUXTLA GUTIERREZ,2197
9,102,TUXTLA GUTIERREZ,2379
9,102,TUXTLA GUTIERREZ,2379
9,102,TUXTLA GUTIERREZ,2379
9,102,TUXTLA GUTIERREZ,2379
9,102,TUXTLA GUTIERREZ,2379
9,102,TUXTLA GUTIERREZ,2379
9,102,TUXTLA GUTIERREZ,2379
9,102,TUXTLA GUTIERREZ,2379
9,102,TUXTLA GUTIERREZ,2379
9,102,TUXTLA GUTIERREZ,2379
9,102,TUXTLA GUTIERREZ,2379
9,102,TUXTLA GUTIERREZ,2379
9,102,TUXTLA GUTIERREZ,2379
9,102,TUXTLA GUTIERREZ,2379
9,102,TUXTLA GUTIERREZ,2379
9,102,TUXTLA GUTIERREZ,2379
9,102,TUXTLA GUTIERREZ,2379
9,102,TUXTLA GUTIERREZ,2379
9,102,TUXTLA GUTIERREZ,2379
9,102,TUXTLA GUTIERREZ,2380
9,102,TUXTLA GUTIERREZ,2380
9,102,TUXTLA GUTIERREZ,2380
9,102,TUXTLA GUTIERREZ,2380
9,102,TUXTLA GUTIERREZ,2380
9,102,TUXTLA GUTIERREZ,2380
9,102,TUXTLA GUTIERREZ,2380
9,102,TUXTLA GUTIERREZ,2380
9,102,TUXTLA GUTIERREZ,2380
9,102,TUXTLA GUTIERREZ,2381
9,102,TUXTLA GUTIERREZ,2381
9,102,TUXTLA GUTIERREZ,2381
9,102,TUXTLA GUTIERREZ,2381
9,102,TUXTLA GUTIERREZ,2381
9,102,TUXTLA GUTIERREZ,2381
9,102,TUXTLA GUTIERREZ,2381
9,102,TUXTLA GUTIERREZ,2381
9,102,TUXTLA GUTIERREZ,2381
9,102,TUXTLA GUTIERREZ,2381
9,102,TUXTLA GUTIERREZ,2381
9,102,TUXTLA GUTIERREZ,2381
9,102,TUXTLA GUTIERREZ,2381
9,102,TUXTLA GUTIERREZ,2382
9,102,TUXTLA GUTIERREZ,2382
9,102,TUXTLA GUTIERREZ,2382
9,102,TUXTLA GUTIERREZ,2382
9,102,TUXTLA GUTIERREZ,2382
9,102,TUXTLA GUTIERREZ,2382
9,102,TUXTLA GUTIERREZ,2382
9,102,TUXTLA GUTIERREZ,2382
9,102,TUXTLA GUTIERREZ,2382
9,102,TUXTLA GUTIERREZ,2382
9,102,TUXTLA GUTIERREZ,2382
9,102,TUXTLA GUTIERREZ,2382
9,102,TUXTLA GUTIERREZ,2383
9,102,TUXTLA GUTIERREZ,2383
9,102,TUXTLA GUTIERREZ,2383
9,102,TUXTLA GUTIERREZ,2383
9,102,TUXTLA GUTIERREZ,2383
9,102,TUXTLA GUTIERREZ,2383
9,102,TUXTLA GUTIERREZ,2383
9,102,TUXTLA GUTIERREZ,2383
9,102,TUXTLA GUTIERREZ,2383
9,102,TUXTLA GUTIERREZ,2383
9,102,TUXTLA GUTIERREZ,2383
9,102,TUXTLA GUTIERREZ,2383
9,102,TUXTLA GUTIERREZ,2383
9,102,TUXTLA GUTIERREZ,2383
9,102,TUXTLA GUTIERREZ,2384
9,102,TUXTLA GUTIERREZ,2384
9,102,TUXTLA GUTIERREZ,2384
9,102,TUXTLA GUTIERREZ,2384
9,102,TUXTLA GUTIERREZ,2384
9,102,TUXTLA GUTIERREZ,2384
9,102,TUXTLA GUTIERREZ,2385
9,102,TUXTLA GUTIERREZ,2385
9,102,TUXTLA GUTIERREZ,2385
9,102,TUXTLA GUTIERREZ,2385
9,102,TUXTLA GUTIERREZ,2385
9,102,TUXTLA GUTIERREZ,2385
9,102,TUXTLA GUTIERREZ,2385
10,8,ANGEL ALBINO CORZO,72
10,8,ANGEL ALBINO CORZO,72
10,8,ANGEL ALBINO CORZO,72
10,8,ANGEL ALBINO CORZO,72
10,8,ANGEL ALBINO CORZO,72
10,8,ANGEL ALBINO CORZO,73
10,8,ANGEL ALBINO CORZO,73
10,8,ANGEL ALBINO CORZO,73
10,8,ANGEL ALBINO CORZO,73
10,8,ANGEL ALBINO CORZO,73
10,8,ANGEL ALBINO CORZO,74
10,8,ANGEL ALBINO CORZO,74
10,8,ANGEL ALBINO CORZO,74
10,8,ANGEL ALBINO CORZO,74
10,8,ANGEL ALBINO CORZO,74
10,8,ANGEL ALBINO CORZO,75
10,8,ANGEL ALBINO CORZO,75
10,8,ANGEL ALBINO CORZO,75
10,8,ANGEL ALBINO CORZO,75
10,8,ANGEL ALBINO CORZO,76
10,8,ANGEL ALBINO CORZO,77
10,8,ANGEL ALBINO CORZO,77
10,8,ANGEL ALBINO CORZO,78
10,8,ANGEL ALBINO CORZO,79
10,8,ANGEL ALBINO CORZO,80
10,8,ANGEL ALBINO CORZO,80
10,8,ANGEL ALBINO CORZO,80
10,8,ANGEL ALBINO CORZO,80
10,8,ANGEL ALBINO CORZO,82
10,8,ANGEL ALBINO CORZO,82
10,8,ANGEL ALBINO CORZO,84
10,12,BERRIOZABAL,131
10,12,BERRIOZABAL,131
10,12,BERRIOZABAL,131
10,12,BERRIOZABAL,131
10,12,BERRIOZABAL,132
10,12,BERRIOZABAL,132
10,12,BERRIOZABAL,132
10,12,BERRIOZABAL,132
10,12,BERRIOZABAL,132
10,12,BERRIOZABAL,132
10,12,BERRIOZABAL,132
10,12,BERRIOZABAL,132
10,12,BERRIOZABAL,132
10,12,BERRIOZABAL,132
10,12,BERRIOZABAL,132
10,12,BERRIOZABAL,132
10,12,BERRIOZABAL,132
10,12,BERRIOZABAL,132
10,12,BERRIOZABAL,132
10,12,BERRIOZABAL,132
10,12,BERRIOZABAL,132
10,12,BERRIOZABAL,133
10,12,BERRIOZABAL,133
10,12,BERRIOZABAL,133
10,12,BERRIOZABAL,133
10,12,BERRIOZABAL,133
10,12,BERRIOZABAL,134
10,12,BERRIOZABAL,134
10,12,BERRIOZABAL,134
10,12,BERRIOZABAL,134
10,12,BERRIOZABAL,134
10,12,BERRIOZABAL,134
10,12,BERRIOZABAL,134
10,12,BERRIOZABAL,134
10,12,BERRIOZABAL,135
10,12,BERRIOZABAL,135
10,12,BERRIOZABAL,135
10,12,BERRIOZABAL,137
10,12,BERRIOZABAL,138
10,12,BERRIOZABAL,139
10,12,BERRIOZABAL,141
10,12,BERRIOZABAL,142
10,12,BERRIOZABAL,142
10,12,BERRIOZABAL,142
10,12,BERRIOZABAL,143
10,12,BERRIOZABAL,143
10,12,BERRIOZABAL,2182
10,12,BERRIOZABAL,2182
10,12,BERRIOZABAL,2182
10,12,BERRIOZABAL,2183
10,12,BERRIOZABAL,2183
10,12,BERRIOZABAL,2184
10,12,BERRIOZABAL,2184
10,12,BERRIOZABAL,2184
10,12,BERRIOZABAL,2184
10,12,BERRIOZABAL,2184
10,12,BERRIOZABAL,2184
10,12,BERRIOZABAL,2184
10,12,BERRIOZABAL,2184
10,12,BERRIOZABAL,2185
10,12,BERRIOZABAL,2185
10,12,BERRIOZABAL,2185
10,12,BERRIOZABAL,2185
10,12,BERRIOZABAL,2185
10,12,BERRIOZABAL,2285
10,12,BERRIOZABAL,2285
10,12,BERRIOZABAL,2285
10,12,BERRIOZABAL,2285
10,12,BERRIOZABAL,2285
10,12,BERRIOZABAL,2285
10,12,BERRIOZABAL,2285
10,12,BERRIOZABAL,2285
10,12,BERRIOZABAL,2285
10,12,BERRIOZABAL,2286
10,12,BERRIOZABAL,2286
10,12,BERRIOZABAL,2287
10,12,BERRIOZABAL,2287
10,12,BERRIOZABAL,2287
10,12,BERRIOZABAL,2287
10,20,LA CONCORDIA,293
10,20,LA CONCORDIA,293
10,20,LA CONCORDIA,293
10,20,LA CONCORDIA,294
10,20,LA CONCORDIA,294
10,20,LA CONCORDIA,294
10,20,LA CONCORDIA,294
10,20,LA CONCORDIA,295
10,20,LA CONCORDIA,295
10,20,LA CONCORDIA,296
10,20,LA CONCORDIA,296
10,20,LA CONCORDIA,298
10,20,LA CONCORDIA,300
10,20,LA CONCORDIA,300
10,20,LA CONCORDIA,301
10,20,LA CONCORDIA,302
10,20,LA CONCORDIA,303
10,20,LA CONCORDIA,305
10,20,LA CONCORDIA,306
10,20,LA CONCORDIA,307
10,20,LA CONCORDIA,308
10,20,LA CONCORDIA,308
10,20,LA CONCORDIA,309
10,20,LA CONCORDIA,310
10,20,LA CONCORDIA,310
10,20,LA CONCORDIA,311
10,20,LA CONCORDIA,312
10,20,LA CONCORDIA,313
10,20,LA CONCORDIA,314
10,20,LA CONCORDIA,314
10,20,LA CONCORDIA,315
10,20,LA CONCORDIA,316
10,20,LA CONCORDIA,316
10,20,LA CONCORDIA,316
10,20,LA CONCORDIA,2313
10,20,LA CONCORDIA,2314
10,61,OCOZOCOAUTLA DE ESPINOSA,885
10,61,OCOZOCOAUTLA DE ESPINOSA,885
10,61,OCOZOCOAUTLA DE ESPINOSA,885
10,61,OCOZOCOAUTLA DE ESPINOSA,885
10,61,OCOZOCOAUTLA DE ESPINOSA,885
10,61,OCOZOCOAUTLA DE ESPINOSA,885
10,61,OCOZOCOAUTLA DE ESPINOSA,885
10,61,OCOZOCOAUTLA DE ESPINOSA,885
10,61,OCOZOCOAUTLA DE ESPINOSA,885
10,61,OCOZOCOAUTLA DE ESPINOSA,885
10,61,OCOZOCOAUTLA DE ESPINOSA,885
10,61,OCOZOCOAUTLA DE ESPINOSA,885
10,61,OCOZOCOAUTLA DE ESPINOSA,885
10,61,OCOZOCOAUTLA DE ESPINOSA,885
10,61,OCOZOCOAUTLA DE ESPINOSA,885
10,61,OCOZOCOAUTLA DE ESPINOSA,886
10,61,OCOZOCOAUTLA DE ESPINOSA,886
10,61,OCOZOCOAUTLA DE ESPINOSA,887
10,61,OCOZOCOAUTLA DE ESPINOSA,887
10,61,OCOZOCOAUTLA DE ESPINOSA,887
10,61,OCOZOCOAUTLA DE ESPINOSA,887
10,61,OCOZOCOAUTLA DE ESPINOSA,887
10,61,OCOZOCOAUTLA DE ESPINOSA,887
10,61,OCOZOCOAUTLA DE ESPINOSA,887
10,61,OCOZOCOAUTLA DE ESPINOSA,887
10,61,OCOZOCOAUTLA DE ESPINOSA,888
10,61,OCOZOCOAUTLA DE ESPINOSA,888
10,61,OCOZOCOAUTLA DE ESPINOSA,888
10,61,OCOZOCOAUTLA DE ESPINOSA,888
10,61,OCOZOCOAUTLA DE ESPINOSA,889
10,61,OCOZOCOAUTLA DE ESPINOSA,889
10,61,OCOZOCOAUTLA DE ESPINOSA,890
10,61,OCOZOCOAUTLA DE ESPINOSA,890
10,61,OCOZOCOAUTLA DE ESPINOSA,890
10,61,OCOZOCOAUTLA DE ESPINOSA,890
10,61,OCOZOCOAUTLA DE ESPINOSA,890
10,61,OCOZOCOAUTLA DE ESPINOSA,890
10,61,OCOZOCOAUTLA DE ESPINOSA,891
10,61,OCOZOCOAUTLA DE ESPINOSA,892
10,61,OCOZOCOAUTLA DE ESPINOSA,892
10,61,OCOZOCOAUTLA DE ESPINOSA,892
10,61,OCOZOCOAUTLA DE ESPINOSA,892
10,61,OCOZOCOAUTLA DE ESPINOSA,892
10,61,OCOZOCOAUTLA DE ESPINOSA,892
10,61,OCOZOCOAUTLA DE ESPINOSA,893
10,61,OCOZOCOAUTLA DE ESPINOSA,893
10,61,OCOZOCOAUTLA DE ESPINOSA,893
10,61,OCOZOCOAUTLA DE ESPINOSA,893
10,61,OCOZOCOAUTLA DE ESPINOSA,893
10,61,OCOZOCOAUTLA DE ESPINOSA,893
10,61,OCOZOCOAUTLA DE ESPINOSA,894
10,61,OCOZOCOAUTLA DE ESPINOSA,894
10,61,OCOZOCOAUTLA DE ESPINOSA,894
10,61,OCOZOCOAUTLA DE ESPINOSA,894
10,61,OCOZOCOAUTLA DE ESPINOSA,894
10,61,OCOZOCOAUTLA DE ESPINOSA,894
10,61,OCOZOCOAUTLA DE ESPINOSA,894
10,61,OCOZOCOAUTLA DE ESPINOSA,894
10,61,OCOZOCOAUTLA DE ESPINOSA,894
10,61,OCOZOCOAUTLA DE ESPINOSA,894
10,61,OCOZOCOAUTLA DE ESPINOSA,894
10,61,OCOZOCOAUTLA DE ESPINOSA,894
10,61,OCOZOCOAUTLA DE ESPINOSA,894
10,61,OCOZOCOAUTLA DE ESPINOSA,895
10,61,OCOZOCOAUTLA DE ESPINOSA,895
10,61,OCOZOCOAUTLA DE ESPINOSA,895
10,61,OCOZOCOAUTLA DE ESPINOSA,895
10,61,OCOZOCOAUTLA DE ESPINOSA,895
10,61,OCOZOCOAUTLA DE ESPINOSA,895
10,61,OCOZOCOAUTLA DE ESPINOSA,895
10,61,OCOZOCOAUTLA DE ESPINOSA,895
10,61,OCOZOCOAUTLA DE ESPINOSA,895
10,61,OCOZOCOAUTLA DE ESPINOSA,895
10,61,OCOZOCOAUTLA DE ESPINOSA,895
10,61,OCOZOCOAUTLA DE ESPINOSA,895
10,61,OCOZOCOAUTLA DE ESPINOSA,897
10,61,OCOZOCOAUTLA DE ESPINOSA,897
10,61,OCOZOCOAUTLA DE ESPINOSA,898
10,61,OCOZOCOAUTLA DE ESPINOSA,898
10,61,OCOZOCOAUTLA DE ESPINOSA,899
10,61,OCOZOCOAUTLA DE ESPINOSA,899
10,61,OCOZOCOAUTLA DE ESPINOSA,901
10,61,OCOZOCOAUTLA DE ESPINOSA,902
10,61,OCOZOCOAUTLA DE ESPINOSA,903
10,61,OCOZOCOAUTLA DE ESPINOSA,903
10,61,OCOZOCOAUTLA DE ESPINOSA,903
10,61,OCOZOCOAUTLA DE ESPINOSA,904
10,61,OCOZOCOAUTLA DE ESPINOSA,905
10,61,OCOZOCOAUTLA DE ESPINOSA,906
10,61,OCOZOCOAUTLA DE ESPINOSA,907
10,61,OCOZOCOAUTLA DE ESPINOSA,908
10,61,OCOZOCOAUTLA DE ESPINOSA,909
10,61,OCOZOCOAUTLA DE ESPINOSA,910
10,61,OCOZOCOAUTLA DE ESPINOSA,911
10,61,OCOZOCOAUTLA DE ESPINOSA,912
10,61,OCOZOCOAUTLA DE ESPINOSA,912
10,61,OCOZOCOAUTLA DE ESPINOSA,2109
10,61,OCOZOCOAUTLA DE ESPINOSA,2110
10,61,OCOZOCOAUTLA DE ESPINOSA,2110
10,61,OCOZOCOAUTLA DE ESPINOSA,2111
10,61,OCOZOCOAUTLA DE ESPINOSA,2112
10,108,VILLA CORZO,1828
10,108,VILLA CORZO,1828
10,108,VILLA CORZO,1828
10,108,VILLA CORZO,1828
10,108,VILLA CORZO,1828
10,108,VILLA CORZO,1828
10,108,VILLA CORZO,1828
10,108,VILLA CORZO,1828
10,108,VILLA CORZO,1828
10,108,VILLA CORZO,1828
10,108,VILLA CORZO,1829
10,108,VILLA CORZO,1829
10,108,VILLA CORZO,1829
10,108,VILLA CORZO,1829
10,108,VILLA CORZO,1829
10,108,VILLA CORZO,1830
10,108,VILLA CORZO,1830
10,108,VILLA CORZO,1830
10,108,VILLA CORZO,1830
10,108,VILLA CORZO,1830
10,108,VILLA CORZO,1831
10,108,VILLA CORZO,1831
10,108,VILLA CORZO,1831
10,108,VILLA CORZO,1831
10,108,VILLA CORZO,1838
10,108,VILLA CORZO,1838
10,108,VILLA CORZO,1839
10,108,VILLA CORZO,1840
10,108,VILLA CORZO,1840
10,108,VILLA CORZO,1841
10,108,VILLA CORZO,1842
10,108,VILLA CORZO,1843
10,108,VILLA CORZO,1843
10,108,VILLA CORZO,1843
10,108,VILLA CORZO,1843
10,108,VILLA CORZO,1843
10,108,VILLA CORZO,1843
10,108,VILLA CORZO,1844
10,108,VILLA CORZO,1848
10,108,VILLA CORZO,1849
10,108,VILLA CORZO,1850
10,108,VILLA CORZO,1850
10,108,VILLA CORZO,1850
10,108,VILLA CORZO,1851
10,108,VILLA CORZO,1852
10,108,VILLA CORZO,1853
10,108,VILLA CORZO,1854
10,108,VILLA CORZO,2133
10,108,VILLA CORZO,2133
10,108,VILLA CORZO,2134
10,108,VILLA CORZO,2316
10,109,VILLAFLORES,1856
10,109,VILLAFLORES,1856
10,109,VILLAFLORES,1856
10,109,VILLAFLORES,1856
10,109,VILLAFLORES,1856
10,109,VILLAFLORES,1856
10,109,VILLAFLORES,1856
10,109,VILLAFLORES,1857
10,109,VILLAFLORES,1858
10,109,VILLAFLORES,1858
10,109,VILLAFLORES,1858
10,109,VILLAFLORES,1858
10,109,VILLAFLORES,1858
10,109,VILLAFLORES,1858
10,109,VILLAFLORES,1858
10,109,VILLAFLORES,1858
10,109,VILLAFLORES,1859
10,109,VILLAFLORES,1859
10,109,VILLAFLORES,1859
10,109,VILLAFLORES,1859
10,109,VILLAFLORES,1859
10,109,VILLAFLORES,1859
10,109,VILLAFLORES,1860
10,109,VILLAFLORES,1860
10,109,VILLAFLORES,1860
10,109,VILLAFLORES,1861
10,109,VILLAFLORES,1862
10,109,VILLAFLORES,1863
10,109,VILLAFLORES,1863
10,109,VILLAFLORES,1863
10,109,VILLAFLORES,1863
10,109,VILLAFLORES,1863
10,109,VILLAFLORES,1863
10,109,VILLAFLORES,1863
10,109,VILLAFLORES,1863
10,109,VILLAFLORES,1863
10,109,VILLAFLORES,1863
10,109,VILLAFLORES,1863
10,109,VILLAFLORES,1863
10,109,VILLAFLORES,1864
10,109,VILLAFLORES,1865
10,109,VILLAFLORES,1865
10,109,VILLAFLORES,1866
10,109,VILLAFLORES,1866
10,109,VILLAFLORES,1866
10,109,VILLAFLORES,1866
10,109,VILLAFLORES,1866
10,109,VILLAFLORES,1866
10,109,VILLAFLORES,1866
10,109,VILLAFLORES,1867
10,109,VILLAFLORES,1867
10,109,VILLAFLORES,1867
10,109,VILLAFLORES,1867
10,109,VILLAFLORES,1867
10,109,VILLAFLORES,1867
10,109,VILLAFLORES,1868
10,109,VILLAFLORES,1868
10,109,VILLAFLORES,1869
10,109,VILLAFLORES,1869
10,109,VILLAFLORES,1870
10,109,VILLAFLORES,1870
10,109,VILLAFLORES,1872
10,109,VILLAFLORES,1873
10,109,VILLAFLORES,1874
10,109,VILLAFLORES,1874
10,109,VILLAFLORES,1875
10,109,VILLAFLORES,1877
10,109,VILLAFLORES,1878
10,109,VILLAFLORES,1879
10,109,VILLAFLORES,1880
10,109,VILLAFLORES,1881
10,109,VILLAFLORES,1881
10,109,VILLAFLORES,1882
10,109,VILLAFLORES,1882
10,109,VILLAFLORES,1882
10,109,VILLAFLORES,1883
10,109,VILLAFLORES,1883
10,109,VILLAFLORES,1884
10,109,VILLAFLORES,1885
10,109,VILLAFLORES,1886
10,109,VILLAFLORES,1888
10,109,VILLAFLORES,1889
10,109,VILLAFLORES,1890
10,109,VILLAFLORES,1891
10,109,VILLAFLORES,1892
10,109,VILLAFLORES,1893
10,109,VILLAFLORES,1894
10,109,VILLAFLORES,1894
10,109,VILLAFLORES,1895
10,109,VILLAFLORES,1895
10,109,VILLAFLORES,1895
10,109,VILLAFLORES,1895
10,109,VILLAFLORES,1896
10,109,VILLAFLORES,1896
10,109,VILLAFLORES,1897
10,109,VILLAFLORES,1897
10,109,VILLAFLORES,1898
10,109,VILLAFLORES,1899
10,109,VILLAFLORES,1900
10,109,VILLAFLORES,1900
10,109,VILLAFLORES,1901
10,109,VILLAFLORES,2206
10,109,VILLAFLORES,2206
10,109,VILLAFLORES,2206
10,109,VILLAFLORES,2206
10,109,VILLAFLORES,2206
10,109,VILLAFLORES,2206
10,109,VILLAFLORES,2206
10,109,VILLAFLORES,2206
10,109,VILLAFLORES,2206
10,109,VILLAFLORES,2207
10,109,VILLAFLORES,2207
10,109,VILLAFLORES,2207
10,109,VILLAFLORES,2207
10,109,VILLAFLORES,2207
10,109,VILLAFLORES,2207
10,109,VILLAFLORES,2207
10,109,VILLAFLORES,2208
10,109,VILLAFLORES,2208
10,109,VILLAFLORES,2208
10,109,VILLAFLORES,2208
10,109,VILLAFLORES,2208
10,116,MONTECRISTO DE GUERRERO,81
10,116,MONTECRISTO DE GUERRERO,83
10,116,MONTECRISTO DE GUERRERO,83
10,116,MONTECRISTO DE GUERRERO,83
10,116,MONTECRISTO DE GUERRERO,83
10,116,MONTECRISTO DE GUERRERO,83
10,116,MONTECRISTO DE GUERRERO,83
10,116,MONTECRISTO DE GUERRERO,86
10,116,MONTECRISTO DE GUERRERO,87
10,119,CAPITAN LUIS ANGEL VIDAL,1197
10,121,EL PARRAL,1832
10,121,EL PARRAL,1832
10,121,EL PARRAL,1832
10,121,EL PARRAL,1832
10,121,EL PARRAL,1832
10,121,EL PARRAL,1832
10,121,EL PARRAL,1832
10,121,EL PARRAL,1832
10,121,EL PARRAL,1832
10,121,EL PARRAL,1832
10,121,EL PARRAL,1833
10,121,EL PARRAL,1833
10,121,EL PARRAL,1833
10,121,EL PARRAL,1833
10,121,EL PARRAL,1833
10,121,EL PARRAL,1833
10,121,EL PARRAL,1833
10,121,EL PARRAL,1833
10,121,EL PARRAL,1834
10,121,EL PARRAL,1834
10,121,EL PARRAL,1834
10,121,EL PARRAL,1834
10,121,EL PARRAL,1834
10,121,EL PARRAL,1834
10,121,EL PARRAL,1834
10,121,EL PARRAL,1834
10,121,EL PARRAL,1834
10,121,EL PARRAL,1834
10,121,EL PARRAL,1835
10,121,EL PARRAL,1835
10,121,EL PARRAL,1835
10,121,EL PARRAL,1835
10,121,EL PARRAL,1835
10,121,EL PARRAL,1835
10,121,EL PARRAL,1835
10,121,EL PARRAL,1837
11,4,ALTAMIRANO,35
11,4,ALTAMIRANO,35
11,4,ALTAMIRANO,35
11,4,ALTAMIRANO,35
11,4,ALTAMIRANO,35
11,4,ALTAMIRANO,35
11,4,ALTAMIRANO,36
11,4,ALTAMIRANO,36
11,4,ALTAMIRANO,36
11,4,ALTAMIRANO,36
11,4,ALTAMIRANO,36
11,4,ALTAMIRANO,36
11,4,ALTAMIRANO,37
11,4,ALTAMIRANO,37
11,4,ALTAMIRANO,37
11,4,ALTAMIRANO,37
11,4,ALTAMIRANO,37
11,4,ALTAMIRANO,37
11,4,ALTAMIRANO,38
11,4,ALTAMIRANO,39
11,4,ALTAMIRANO,41
11,4,ALTAMIRANO,43
11,4,ALTAMIRANO,2318
11,4,ALTAMIRANO,2322
11,4,ALTAMIRANO,2322
11,7,AMATENANGO DEL VALLE,68
11,7,AMATENANGO DEL VALLE,68
11,7,AMATENANGO DEL VALLE,68
11,7,AMATENANGO DEL VALLE,68
11,7,AMATENANGO DEL VALLE,68
11,7,AMATENANGO DEL VALLE,68
11,7,AMATENANGO DEL VALLE,68
11,7,AMATENANGO DEL VALLE,69
11,7,AMATENANGO DEL VALLE,69
11,7,AMATENANGO DEL VALLE,69
11,7,AMATENANGO DEL VALLE,69
11,7,AMATENANGO DEL VALLE,69
11,7,AMATENANGO DEL VALLE,69
11,7,AMATENANGO DEL VALLE,69
11,7,AMATENANGO DEL VALLE,70
11,7,AMATENANGO DEL VALLE,71
11,7,AMATENANGO DEL VALLE,71
11,7,AMATENANGO DEL VALLE,71
11,7,AMATENANGO DEL VALLE,71
11,7,AMATENANGO DEL VALLE,71
11,7,AMATENANGO DEL VALLE,71
11,24,CHANAL,375
11,24,CHANAL,375
11,24,CHANAL,375
11,24,CHANAL,375
11,24,CHANAL,375
11,24,CHANAL,376
11,24,CHANAL,376
11,24,CHANAL,376
11,24,CHANAL,376
11,24,CHANAL,377
11,24,CHANAL,377
11,24,CHANAL,377
11,24,CHANAL,377
11,24,CHANAL,378
11,24,CHANAL,378
11,24,CHANAL,378
11,24,CHANAL,378
11,24,CHANAL,378
11,24,CHANAL,380
11,39,HUIXTAN,566
11,39,HUIXTAN,566
11,39,HUIXTAN,566
11,39,HUIXTAN,566
11,39,HUIXTAN,566
11,39,HUIXTAN,567
11,39,HUIXTAN,567
11,39,HUIXTAN,567
11,39,HUIXTAN,567
11,39,HUIXTAN,570
11,39,HUIXTAN,570
11,39,HUIXTAN,570
11,39,HUIXTAN,570
11,39,HUIXTAN,570
11,39,HUIXTAN,570
11,39,HUIXTAN,571
11,39,HUIXTAN,571
11,39,HUIXTAN,572
11,39,HUIXTAN,572
11,39,HUIXTAN,573
11,39,HUIXTAN,574
11,39,HUIXTAN,574
11,39,HUIXTAN,574
11,39,HUIXTAN,574
11,39,HUIXTAN,576
11,39,HUIXTAN,576
11,39,HUIXTAN,576
11,41,LA INDEPENDENCIA,603
11,41,LA INDEPENDENCIA,603
11,41,LA INDEPENDENCIA,603
11,41,LA INDEPENDENCIA,603
11,41,LA INDEPENDENCIA,603
11,41,LA INDEPENDENCIA,603
11,41,LA INDEPENDENCIA,603
11,41,LA INDEPENDENCIA,604
11,41,LA INDEPENDENCIA,604
11,41,LA INDEPENDENCIA,604
11,41,LA INDEPENDENCIA,604
11,41,LA INDEPENDENCIA,605
11,41,LA INDEPENDENCIA,606
11,41,LA INDEPENDENCIA,606
11,41,LA INDEPENDENCIA,606
11,41,LA INDEPENDENCIA,606
11,41,LA INDEPENDENCIA,607
11,41,LA INDEPENDENCIA,607
11,41,LA INDEPENDENCIA,607
11,41,LA INDEPENDENCIA,607
11,41,LA INDEPENDENCIA,609
11,41,LA INDEPENDENCIA,610
11,41,LA INDEPENDENCIA,610
11,41,LA INDEPENDENCIA,612
11,41,LA INDEPENDENCIA,612
11,41,LA INDEPENDENCIA,612
11,41,LA INDEPENDENCIA,612
11,41,LA INDEPENDENCIA,613
11,41,LA INDEPENDENCIA,613
11,41,LA INDEPENDENCIA,613
11,41,LA INDEPENDENCIA,614
11,41,LA INDEPENDENCIA,614
11,41,LA INDEPENDENCIA,614
11,41,LA INDEPENDENCIA,614
11,41,LA INDEPENDENCIA,614
11,41,LA INDEPENDENCIA,614
11,41,LA INDEPENDENCIA,615
11,41,LA INDEPENDENCIA,615
11,41,LA INDEPENDENCIA,615
11,41,LA INDEPENDENCIA,615
11,41,LA INDEPENDENCIA,615
11,41,LA INDEPENDENCIA,616
11,41,LA INDEPENDENCIA,616
11,41,LA INDEPENDENCIA,616
11,41,LA INDEPENDENCIA,616
11,41,LA INDEPENDENCIA,616
11,41,LA INDEPENDENCIA,2135
11,41,LA INDEPENDENCIA,2135
11,41,LA INDEPENDENCIA,2136
11,41,LA INDEPENDENCIA,2136
11,41,LA INDEPENDENCIA,2326
11,41,LA INDEPENDENCIA,2327
11,41,LA INDEPENDENCIA,2327
11,41,LA INDEPENDENCIA,2327
11,41,LA INDEPENDENCIA,2327
11,41,LA INDEPENDENCIA,2327
11,41,LA INDEPENDENCIA,2327
11,41,LA INDEPENDENCIA,2327
11,41,LA INDEPENDENCIA,2327
11,41,LA INDEPENDENCIA,2328
11,52,LAS MARGARITAS,718
11,52,LAS MARGARITAS,718
11,52,LAS MARGARITAS,718
11,52,LAS MARGARITAS,718
11,52,LAS MARGARITAS,718
11,52,LAS MARGARITAS,718
11,52,LAS MARGARITAS,718
11,52,LAS MARGARITAS,719
11,52,LAS MARGARITAS,719
11,52,LAS MARGARITAS,719
11,52,LAS MARGARITAS,719
11,52,LAS MARGARITAS,719
11,52,LAS MARGARITAS,720
11,52,LAS MARGARITAS,720
11,52,LAS MARGARITAS,720
11,52,LAS MARGARITAS,720
11,52,LAS MARGARITAS,720
11,52,LAS MARGARITAS,721
11,52,LAS MARGARITAS,721
11,52,LAS MARGARITAS,721
11,52,LAS MARGARITAS,722
11,52,LAS MARGARITAS,724
11,52,LAS MARGARITAS,724
11,52,LAS MARGARITAS,724
11,52,LAS MARGARITAS,726
11,52,LAS MARGARITAS,726
11,52,LAS MARGARITAS,727
11,52,LAS MARGARITAS,729
11,52,LAS MARGARITAS,730
11,52,LAS MARGARITAS,730
11,52,LAS MARGARITAS,730
11,52,LAS MARGARITAS,731
11,52,LAS MARGARITAS,731
11,52,LAS MARGARITAS,731
11,52,LAS MARGARITAS,731
11,52,LAS MARGARITAS,734
11,52,LAS MARGARITAS,734
11,52,LAS MARGARITAS,734
11,52,LAS MARGARITAS,734
11,52,LAS MARGARITAS,734
11,52,LAS MARGARITAS,735
11,52,LAS MARGARITAS,735
11,52,LAS MARGARITAS,735
11,52,LAS MARGARITAS,735
11,52,LAS MARGARITAS,735
11,52,LAS MARGARITAS,736
11,52,LAS MARGARITAS,736
11,52,LAS MARGARITAS,736
11,52,LAS MARGARITAS,736
11,52,LAS MARGARITAS,737
11,52,LAS MARGARITAS,737
11,52,LAS MARGARITAS,737
11,52,LAS MARGARITAS,738
11,52,LAS MARGARITAS,738
11,52,LAS MARGARITAS,739
11,52,LAS MARGARITAS,739
11,52,LAS MARGARITAS,739
11,52,LAS MARGARITAS,739
11,52,LAS MARGARITAS,739
11,52,LAS MARGARITAS,740
11,52,LAS MARGARITAS,740
11,52,LAS MARGARITAS,740
11,52,LAS MARGARITAS,740
11,52,LAS MARGARITAS,741
11,52,LAS MARGARITAS,741
11,52,LAS MARGARITAS,742
11,52,LAS MARGARITAS,742
11,52,LAS MARGARITAS,742
11,52,LAS MARGARITAS,742
11,52,LAS MARGARITAS,742
11,52,LAS MARGARITAS,743
11,52,LAS MARGARITAS,743
11,52,LAS MARGARITAS,743
11,52,LAS MARGARITAS,745
11,52,LAS MARGARITAS,745
11,52,LAS MARGARITAS,745
11,52,LAS MARGARITAS,745
11,52,LAS MARGARITAS,746
11,52,LAS MARGARITAS,749
11,52,LAS MARGARITAS,749
11,52,LAS MARGARITAS,749
11,52,LAS MARGARITAS,750
11,52,LAS MARGARITAS,750
11,52,LAS MARGARITAS,752
11,52,LAS MARGARITAS,752
11,52,LAS MARGARITAS,753
11,52,LAS MARGARITAS,754
11,52,LAS MARGARITAS,754
11,52,LAS MARGARITAS,755
11,52,LAS MARGARITAS,755
11,52,LAS MARGARITAS,759
11,52,LAS MARGARITAS,759
11,52,LAS MARGARITAS,2137
11,52,LAS MARGARITAS,2138
11,52,LAS MARGARITAS,2329
11,52,LAS MARGARITAS,2330
11,52,LAS MARGARITAS,2333
11,52,LAS MARGARITAS,2334
11,52,LAS MARGARITAS,2334
11,52,LAS MARGARITAS,2335
11,52,LAS MARGARITAS,2335
11,52,LAS MARGARITAS,2336
11,52,LAS MARGARITAS,2337
11,52,LAS MARGARITAS,2338
11,52,LAS MARGARITAS,2339
11,52,LAS MARGARITAS,2341
11,52,LAS MARGARITAS,2343
11,52,LAS MARGARITAS,2343
11,52,LAS MARGARITAS,2344
11,64,OXCHUC,925
11,64,OXCHUC,925
11,64,OXCHUC,925
11,64,OXCHUC,925
11,64,OXCHUC,925
11,64,OXCHUC,925
11,64,OXCHUC,925
11,64,OXCHUC,925
11,64,OXCHUC,925
11,64,OXCHUC,925
11,64,OXCHUC,925
11,64,OXCHUC,925
11,64,OXCHUC,925
11,64,OXCHUC,925
11,64,OXCHUC,926
11,64,OXCHUC,926
11,64,OXCHUC,926
11,64,OXCHUC,926
11,64,OXCHUC,926
11,64,OXCHUC,926
11,64,OXCHUC,926
11,64,OXCHUC,926
11,64,OXCHUC,926
11,64,OXCHUC,926
11,64,OXCHUC,926
11,64,OXCHUC,926
11,64,OXCHUC,926
11,64,OXCHUC,926
11,64,OXCHUC,927
11,64,OXCHUC,927
11,64,OXCHUC,927
11,64,OXCHUC,927
11,64,OXCHUC,927
11,64,OXCHUC,927
11,64,OXCHUC,927
11,64,OXCHUC,927
11,64,OXCHUC,927
11,64,OXCHUC,927
11,64,OXCHUC,928
11,64,OXCHUC,928
11,64,OXCHUC,928
11,64,OXCHUC,928
11,64,OXCHUC,928
11,64,OXCHUC,928
11,64,OXCHUC,928
11,64,OXCHUC,928
11,64,OXCHUC,928
11,64,OXCHUC,928
11,64,OXCHUC,929
11,64,OXCHUC,938
11,64,OXCHUC,938
11,64,OXCHUC,943
11,74,LAS ROSAS,1070
11,74,LAS ROSAS,1070
11,74,LAS ROSAS,1070
11,74,LAS ROSAS,1070
11,74,LAS ROSAS,1070
11,74,LAS ROSAS,1070
11,74,LAS ROSAS,1070
11,74,LAS ROSAS,1070
11,74,LAS ROSAS,1070
11,74,LAS ROSAS,1070
11,74,LAS ROSAS,1070
11,74,LAS ROSAS,1071
11,74,LAS ROSAS,1071
11,74,LAS ROSAS,1071
11,74,LAS ROSAS,1071
11,74,LAS ROSAS,1071
11,74,LAS ROSAS,1072
11,74,LAS ROSAS,1072
11,74,LAS ROSAS,1072
11,74,LAS ROSAS,1072
11,74,LAS ROSAS,1073
11,74,LAS ROSAS,1073
11,74,LAS ROSAS,1074
11,74,LAS ROSAS,1074
11,74,LAS ROSAS,1075
11,74,LAS ROSAS,1076
11,74,LAS ROSAS,1076
11,74,LAS ROSAS,1076
11,74,LAS ROSAS,1076
11,74,LAS ROSAS,1076
11,74,LAS ROSAS,1076
11,74,LAS ROSAS,1077
11,74,LAS ROSAS,1077
11,74,LAS ROSAS,1078
11,74,LAS ROSAS,1078
11,74,LAS ROSAS,1078
11,74,LAS ROSAS,1078
11,74,LAS ROSAS,1078
11,74,LAS ROSAS,1078
11,74,LAS ROSAS,1078
11,74,LAS ROSAS,1078
11,74,LAS ROSAS,1078
11,74,LAS ROSAS,1078
11,74,LAS ROSAS,1078
11,74,LAS ROSAS,1078
11,74,LAS ROSAS,1079
11,74,LAS ROSAS,1079
11,77,SAN CRISTOBAL DE LAS CASAS,1164
11,77,SAN CRISTOBAL DE LAS CASAS,1164
11,77,SAN CRISTOBAL DE LAS CASAS,1164
11,95,TEOPISCA,1455
11,95,TEOPISCA,1455
11,95,TEOPISCA,1455
11,95,TEOPISCA,1455
11,95,TEOPISCA,1455
11,95,TEOPISCA,1455
11,95,TEOPISCA,1455
11,95,TEOPISCA,1455
11,95,TEOPISCA,1455
11,95,TEOPISCA,1455
11,95,TEOPISCA,1455
11,95,TEOPISCA,1455
11,95,TEOPISCA,1455
11,95,TEOPISCA,1455
11,95,TEOPISCA,1456
11,95,TEOPISCA,1456
11,95,TEOPISCA,1456
11,95,TEOPISCA,1456
11,95,TEOPISCA,1456
11,95,TEOPISCA,1456
11,95,TEOPISCA,1456
11,95,TEOPISCA,1456
11,95,TEOPISCA,1456
11,95,TEOPISCA,1457
11,95,TEOPISCA,1457
11,95,TEOPISCA,1457
11,95,TEOPISCA,1457
11,95,TEOPISCA,1457
11,95,TEOPISCA,1457
11,95,TEOPISCA,1457
11,95,TEOPISCA,1457
11,95,TEOPISCA,1457
11,95,TEOPISCA,1457
11,95,TEOPISCA,1457
11,95,TEOPISCA,1457
11,95,TEOPISCA,1458
11,95,TEOPISCA,1458
11,95,TEOPISCA,1458
11,95,TEOPISCA,1458
11,95,TEOPISCA,1458
11,95,TEOPISCA,1458
11,95,TEOPISCA,1459
11,95,TEOPISCA,1459
11,95,TEOPISCA,1459
11,95,TEOPISCA,1460
11,95,TEOPISCA,1460
11,95,TEOPISCA,1461
11,95,TEOPISCA,1461
11,95,TEOPISCA,1461
11,95,TEOPISCA,1461
11,95,TEOPISCA,1461
11,95,TEOPISCA,1461
11,95,TEOPISCA,1461
11,95,TEOPISCA,1461
11,95,TEOPISCA,1463
11,95,TEOPISCA,1463
11,95,TEOPISCA,1463
11,95,TEOPISCA,1463
11,95,TEOPISCA,1463
11,95,TEOPISCA,1463
11,95,TEOPISCA,1463
11,95,TEOPISCA,1463
11,95,TEOPISCA,1463
11,95,TEOPISCA,1463
11,95,TEOPISCA,2172
11,95,TEOPISCA,2172
11,95,TEOPISCA,2172
11,95,TEOPISCA,2172
11,95,TEOPISCA,2172
11,95,TEOPISCA,2172
11,95,TEOPISCA,2172
11,95,TEOPISCA,2172
11,95,TEOPISCA,2172
11,95,TEOPISCA,2172
11,95,TEOPISCA,2172
11,95,TEOPISCA,2173
11,95,TEOPISCA,2173
11,95,TEOPISCA,2173
11,95,TEOPISCA,2173
11,95,TEOPISCA,2173
11,95,TEOPISCA,2173
11,95,TEOPISCA,2173
11,95,TEOPISCA,2173
11,95,TEOPISCA,2173
11,95,TEOPISCA,2173
11,95,TEOPISCA,2173
11,95,TEOPISCA,2350
11,95,TEOPISCA,2350
11,95,TEOPISCA,2350
11,95,TEOPISCA,2350
11,95,TEOPISCA,2350
11,95,TEOPISCA,2351
11,95,TEOPISCA,2352
11,95,TEOPISCA,2353
11,114,MARAVILLA TENEJAPA,747
11,114,MARAVILLA TENEJAPA,747
11,114,MARAVILLA TENEJAPA,747
11,114,MARAVILLA TENEJAPA,747
11,114,MARAVILLA TENEJAPA,748
11,114,MARAVILLA TENEJAPA,748
11,114,MARAVILLA TENEJAPA,748
11,114,MARAVILLA TENEJAPA,756
11,114,MARAVILLA TENEJAPA,756
11,114,MARAVILLA TENEJAPA,756
11,114,MARAVILLA TENEJAPA,757
11,114,MARAVILLA TENEJAPA,757
11,114,MARAVILLA TENEJAPA,758
11,114,MARAVILLA TENEJAPA,758
12,15,CACAHOATAN,163
12,15,CACAHOATAN,163
12,15,CACAHOATAN,163
12,15,CACAHOATAN,163
12,15,CACAHOATAN,163
12,15,CACAHOATAN,163
12,15,CACAHOATAN,164
12,15,CACAHOATAN,164
12,15,CACAHOATAN,164
12,15,CACAHOATAN,164
12,15,CACAHOATAN,164
12,15,CACAHOATAN,164
12,15,CACAHOATAN,164
12,15,CACAHOATAN,164
12,15,CACAHOATAN,165
12,15,CACAHOATAN,165
12,15,CACAHOATAN,165
12,15,CACAHOATAN,166
12,15,CACAHOATAN,166
12,15,CACAHOATAN,166
12,15,CACAHOATAN,166
12,15,CACAHOATAN,166
12,15,CACAHOATAN,167
12,15,CACAHOATAN,167
12,15,CACAHOATAN,167
12,15,CACAHOATAN,168
12,15,CACAHOATAN,168
12,15,CACAHOATAN,168
12,15,CACAHOATAN,168
12,15,CACAHOATAN,169
12,15,CACAHOATAN,169
12,15,CACAHOATAN,169
12,15,CACAHOATAN,171
12,15,CACAHOATAN,172
12,15,CACAHOATAN,172
12,15,CACAHOATAN,173
12,15,CACAHOATAN,173
12,15,CACAHOATAN,173
12,15,CACAHOATAN,174
12,15,CACAHOATAN,175
12,15,CACAHOATAN,176
12,15,CACAHOATAN,177
12,15,CACAHOATAN,178
12,15,CACAHOATAN,179
12,15,CACAHOATAN,179
12,15,CACAHOATAN,179
12,15,CACAHOATAN,180
12,15,CACAHOATAN,180
12,15,CACAHOATAN,180
12,15,CACAHOATAN,181
12,15,CACAHOATAN,182
12,15,CACAHOATAN,183
12,15,CACAHOATAN,183
12,15,CACAHOATAN,184
12,15,CACAHOATAN,185
12,15,CACAHOATAN,185
12,15,CACAHOATAN,185
12,15,CACAHOATAN,185
12,35,FRONTERA HIDALGO,533
12,35,FRONTERA HIDALGO,533
12,35,FRONTERA HIDALGO,533
12,35,FRONTERA HIDALGO,533
12,35,FRONTERA HIDALGO,534
12,35,FRONTERA HIDALGO,535
12,35,FRONTERA HIDALGO,535
12,35,FRONTERA HIDALGO,536
12,35,FRONTERA HIDALGO,536
12,35,FRONTERA HIDALGO,536
12,35,FRONTERA HIDALGO,536
12,35,FRONTERA HIDALGO,2141
12,35,FRONTERA HIDALGO,2141
12,35,FRONTERA HIDALGO,2141
12,55,METAPA,2354
12,55,METAPA,2354
12,55,METAPA,2354
12,55,METAPA,2354
12,55,METAPA,2354
12,55,METAPA,2355
12,55,METAPA,2355
12,55,METAPA,2355
12,55,METAPA,2355
12,88,SUCHIATE,1247
12,88,SUCHIATE,1247
12,88,SUCHIATE,1247
12,88,SUCHIATE,1247
12,88,SUCHIATE,1247
12,88,SUCHIATE,1247
12,88,SUCHIATE,1247
12,88,SUCHIATE,1247
12,88,SUCHIATE,1247
12,88,SUCHIATE,1248
12,88,SUCHIATE,1248
12,88,SUCHIATE,1248
12,88,SUCHIATE,1249
12,88,SUCHIATE,1249
12,88,SUCHIATE,1249
12,88,SUCHIATE,1249
12,88,SUCHIATE,1249
12,88,SUCHIATE,1249
12,88,SUCHIATE,1249
12,88,SUCHIATE,1251
12,88,SUCHIATE,1251
12,88,SUCHIATE,1251
12,88,SUCHIATE,1251
12,88,SUCHIATE,1251
12,88,SUCHIATE,1251
12,88,SUCHIATE,1251
12,88,SUCHIATE,1251
12,88,SUCHIATE,1251
12,88,SUCHIATE,1251
12,88,SUCHIATE,1251
12,88,SUCHIATE,1251
12,88,SUCHIATE,1251
12,88,SUCHIATE,1251
12,88,SUCHIATE,1251
12,88,SUCHIATE,1252
12,88,SUCHIATE,1252
12,88,SUCHIATE,1252
12,88,SUCHIATE,1252
12,88,SUCHIATE,1252
12,88,SUCHIATE,1252
12,88,SUCHIATE,1252
12,88,SUCHIATE,1252
12,88,SUCHIATE,1253
12,88,SUCHIATE,1254
12,88,SUCHIATE,1254
12,88,SUCHIATE,1254
12,88,SUCHIATE,1254
12,88,SUCHIATE,1254
12,88,SUCHIATE,1254
12,88,SUCHIATE,1254
12,88,SUCHIATE,1254
12,88,SUCHIATE,1254
12,88,SUCHIATE,1254
12,88,SUCHIATE,1254
12,88,SUCHIATE,1254
12,88,SUCHIATE,1254
12,88,SUCHIATE,1254
12,88,SUCHIATE,1254
12,88,SUCHIATE,1254
12,88,SUCHIATE,1254
12,88,SUCHIATE,1254
12,88,SUCHIATE,1255
12,88,SUCHIATE,1255
12,88,SUCHIATE,1255
12,88,SUCHIATE,1256
12,88,SUCHIATE,1256
12,88,SUCHIATE,1256
12,88,SUCHIATE,1256
12,88,SUCHIATE,1257
12,88,SUCHIATE,1257
12,88,SUCHIATE,1257
12,88,SUCHIATE,1257
12,88,SUCHIATE,1257
12,88,SUCHIATE,1258
12,88,SUCHIATE,1258
12,88,SUCHIATE,1259
12,88,SUCHIATE,1260
12,88,SUCHIATE,1261
12,88,SUCHIATE,1262
12,88,SUCHIATE,1262
12,88,SUCHIATE,1263
12,88,SUCHIATE,1263
12,88,SUCHIATE,1263
12,88,SUCHIATE,2356
12,88,SUCHIATE,2356
12,88,SUCHIATE,2356
12,88,SUCHIATE,2356
12,88,SUCHIATE,2356
12,88,SUCHIATE,2356
12,88,SUCHIATE,2356
12,88,SUCHIATE,2356
12,88,SUCHIATE,2356
12,88,SUCHIATE,2356
12,88,SUCHIATE,2356
12,88,SUCHIATE,2356
12,88,SUCHIATE,2356
12,88,SUCHIATE,2357
12,88,SUCHIATE,2357
12,88,SUCHIATE,2357
12,88,SUCHIATE,2357
12,88,SUCHIATE,2357
12,90,TAPACHULA,1265
12,90,TAPACHULA,1265
12,90,TAPACHULA,1265
12,90,TAPACHULA,1265
12,90,TAPACHULA,1265
12,90,TAPACHULA,1265
12,90,TAPACHULA,1265
12,90,TAPACHULA,1265
12,90,TAPACHULA,1265
12,90,TAPACHULA,1265
12,90,TAPACHULA,1265
12,90,TAPACHULA,1265
12,90,TAPACHULA,1265
12,90,TAPACHULA,1265
12,90,TAPACHULA,1265
12,90,TAPACHULA,1265
12,90,TAPACHULA,1266
12,90,TAPACHULA,1266
12,90,TAPACHULA,1266
12,90,TAPACHULA,1266
12,90,TAPACHULA,1266
12,90,TAPACHULA,1268
12,90,TAPACHULA,1268
12,90,TAPACHULA,1269
12,90,TAPACHULA,1269
12,90,TAPACHULA,1271
12,90,TAPACHULA,1271
12,90,TAPACHULA,1271
12,90,TAPACHULA,1272
12,90,TAPACHULA,1272
12,90,TAPACHULA,1274
12,90,TAPACHULA,1274
12,90,TAPACHULA,1274
12,90,TAPACHULA,1274
12,90,TAPACHULA,1274
12,90,TAPACHULA,1275
12,90,TAPACHULA,1276
12,90,TAPACHULA,1276
12,90,TAPACHULA,1276
12,90,TAPACHULA,1276
12,90,TAPACHULA,1276
12,90,TAPACHULA,1276
12,90,TAPACHULA,1276
12,90,TAPACHULA,1276
12,90,TAPACHULA,1276
12,90,TAPACHULA,1276
12,90,TAPACHULA,1276
12,90,TAPACHULA,1276
12,90,TAPACHULA,1276
12,90,TAPACHULA,1276
12,90,TAPACHULA,1276
12,90,TAPACHULA,1277
12,90,TAPACHULA,1278
12,90,TAPACHULA,1278
12,90,TAPACHULA,1278
12,90,TAPACHULA,1279
12,90,TAPACHULA,1279
12,90,TAPACHULA,1280
12,90,TAPACHULA,1280
12,90,TAPACHULA,1280
12,90,TAPACHULA,1280
12,90,TAPACHULA,1280
12,90,TAPACHULA,1280
12,90,TAPACHULA,1280
12,90,TAPACHULA,1280
12,90,TAPACHULA,1281
12,90,TAPACHULA,1281
12,90,TAPACHULA,1281
12,90,TAPACHULA,1281
12,90,TAPACHULA,1281
12,90,TAPACHULA,1281
12,90,TAPACHULA,1281
12,90,TAPACHULA,1281
12,90,TAPACHULA,1281
12,90,TAPACHULA,1281
12,90,TAPACHULA,1281
12,90,TAPACHULA,1281
12,90,TAPACHULA,1281
12,90,TAPACHULA,1281
12,90,TAPACHULA,1282
12,90,TAPACHULA,1283
12,90,TAPACHULA,1284
12,90,TAPACHULA,1284
12,90,TAPACHULA,1285
12,90,TAPACHULA,1285
12,90,TAPACHULA,1286
12,90,TAPACHULA,1286
12,90,TAPACHULA,1286
12,90,TAPACHULA,1286
12,90,TAPACHULA,1286
12,90,TAPACHULA,1286
12,90,TAPACHULA,1287
12,90,TAPACHULA,1287
12,90,TAPACHULA,1288
12,90,TAPACHULA,1289
12,90,TAPACHULA,1290
12,90,TAPACHULA,1290
12,90,TAPACHULA,1291
12,90,TAPACHULA,1292
12,90,TAPACHULA,1292
12,90,TAPACHULA,1292
12,90,TAPACHULA,1293
12,90,TAPACHULA,1293
12,90,TAPACHULA,1293
12,90,TAPACHULA,1293
12,90,TAPACHULA,1293
12,90,TAPACHULA,1293
12,90,TAPACHULA,1293
12,90,TAPACHULA,1293
12,90,TAPACHULA,1293
12,90,TAPACHULA,1293
12,90,TAPACHULA,1293
12,90,TAPACHULA,1294
12,90,TAPACHULA,1294
12,90,TAPACHULA,1294
12,90,TAPACHULA,1294
12,90,TAPACHULA,1294
12,90,TAPACHULA,1294
12,90,TAPACHULA,1294
12,90,TAPACHULA,1294
12,90,TAPACHULA,1294
12,90,TAPACHULA,1294
12,90,TAPACHULA,1295
12,90,TAPACHULA,1295
12,90,TAPACHULA,1295
12,90,TAPACHULA,1295
12,90,TAPACHULA,1295
12,90,TAPACHULA,1295
12,90,TAPACHULA,1295
12,90,TAPACHULA,1295
12,90,TAPACHULA,1295
12,90,TAPACHULA,1295
12,90,TAPACHULA,1295
12,90,TAPACHULA,1296
12,90,TAPACHULA,1296
12,90,TAPACHULA,1296
12,90,TAPACHULA,1296
12,90,TAPACHULA,1296
12,90,TAPACHULA,1296
12,90,TAPACHULA,1296
12,90,TAPACHULA,1296
12,90,TAPACHULA,1296
12,90,TAPACHULA,1296
12,90,TAPACHULA,1296
12,90,TAPACHULA,1297
12,90,TAPACHULA,1297
12,90,TAPACHULA,1298
12,90,TAPACHULA,1299
12,90,TAPACHULA,1300
12,90,TAPACHULA,1300
12,90,TAPACHULA,1301
12,90,TAPACHULA,1301
12,90,TAPACHULA,1301
12,90,TAPACHULA,1302
12,90,TAPACHULA,1302
12,90,TAPACHULA,1302
12,90,TAPACHULA,1303
12,90,TAPACHULA,1303
12,90,TAPACHULA,1303
12,90,TAPACHULA,1303
12,90,TAPACHULA,1303
12,90,TAPACHULA,1303
12,90,TAPACHULA,1303
12,90,TAPACHULA,1303
12,90,TAPACHULA,1303
12,90,TAPACHULA,1303
12,90,TAPACHULA,1303
12,90,TAPACHULA,1303
12,90,TAPACHULA,1303
12,90,TAPACHULA,1303
12,90,TAPACHULA,1303
12,90,TAPACHULA,1303
12,90,TAPACHULA,1303
12,90,TAPACHULA,1303
12,90,TAPACHULA,1303
12,90,TAPACHULA,1304
12,90,TAPACHULA,1305
12,90,TAPACHULA,1306
12,90,TAPACHULA,1306
12,90,TAPACHULA,1307
12,90,TAPACHULA,1308
12,90,TAPACHULA,1309
12,90,TAPACHULA,1310
12,90,TAPACHULA,1310
12,90,TAPACHULA,1310
12,90,TAPACHULA,1310
12,90,TAPACHULA,1310
12,90,TAPACHULA,1310
12,90,TAPACHULA,1310
12,90,TAPACHULA,1311
12,90,TAPACHULA,1311
12,90,TAPACHULA,1311
12,90,TAPACHULA,1311
12,90,TAPACHULA,1311
12,90,TAPACHULA,1311
12,90,TAPACHULA,1312
12,90,TAPACHULA,1312
12,90,TAPACHULA,1312
12,90,TAPACHULA,1312
12,90,TAPACHULA,1312
12,90,TAPACHULA,1312
12,90,TAPACHULA,1312
12,90,TAPACHULA,1312
12,90,TAPACHULA,1312
12,90,TAPACHULA,1312
12,90,TAPACHULA,1312
12,90,TAPACHULA,1312
12,90,TAPACHULA,1312
12,90,TAPACHULA,1313
12,90,TAPACHULA,1313
12,90,TAPACHULA,1313
12,90,TAPACHULA,1314
12,90,TAPACHULA,1315
12,90,TAPACHULA,1316
12,90,TAPACHULA,1317
12,90,TAPACHULA,1318
12,90,TAPACHULA,1318
12,90,TAPACHULA,1319
12,90,TAPACHULA,1319
12,90,TAPACHULA,1319
12,90,TAPACHULA,1320
12,90,TAPACHULA,1320
12,90,TAPACHULA,1321
12,90,TAPACHULA,1321
12,90,TAPACHULA,1321
12,90,TAPACHULA,1321
12,90,TAPACHULA,1322
12,90,TAPACHULA,1322
12,90,TAPACHULA,1322
12,90,TAPACHULA,1322
12,90,TAPACHULA,1322
12,90,TAPACHULA,1323
12,90,TAPACHULA,1323
12,90,TAPACHULA,1323
12,90,TAPACHULA,1323
12,90,TAPACHULA,1323
12,90,TAPACHULA,1323
12,90,TAPACHULA,1323
12,90,TAPACHULA,1324
12,90,TAPACHULA,1324
12,90,TAPACHULA,1324
12,90,TAPACHULA,1325
12,90,TAPACHULA,1326
12,90,TAPACHULA,1326
12,90,TAPACHULA,1326
12,90,TAPACHULA,1326
12,90,TAPACHULA,1327
12,90,TAPACHULA,1327
12,90,TAPACHULA,1327
12,90,TAPACHULA,1327
12,90,TAPACHULA,1328
12,90,TAPACHULA,1328
12,90,TAPACHULA,1328
12,90,TAPACHULA,1328
12,90,TAPACHULA,1329
12,90,TAPACHULA,1329
12,90,TAPACHULA,1329
12,90,TAPACHULA,1329
12,90,TAPACHULA,1329
12,90,TAPACHULA,1330
12,90,TAPACHULA,1331
12,90,TAPACHULA,1331
12,90,TAPACHULA,1332
12,90,TAPACHULA,1332
12,90,TAPACHULA,1332
12,90,TAPACHULA,1332
12,90,TAPACHULA,1332
12,90,TAPACHULA,1332
12,90,TAPACHULA,1332
12,90,TAPACHULA,1332
12,90,TAPACHULA,1332
12,90,TAPACHULA,1332
12,90,TAPACHULA,1332
12,90,TAPACHULA,1333
12,90,TAPACHULA,1333
12,90,TAPACHULA,1333
12,90,TAPACHULA,1334
12,90,TAPACHULA,1334
12,90,TAPACHULA,1334
12,90,TAPACHULA,1334
12,90,TAPACHULA,1334
12,90,TAPACHULA,1334
12,90,TAPACHULA,1334
12,90,TAPACHULA,1334
12,90,TAPACHULA,1334
12,90,TAPACHULA,1334
12,90,TAPACHULA,1334
12,90,TAPACHULA,1336
12,90,TAPACHULA,1336
12,90,TAPACHULA,1336
12,90,TAPACHULA,1336
12,90,TAPACHULA,1336
12,90,TAPACHULA,1336
12,90,TAPACHULA,1336
12,90,TAPACHULA,1336
12,90,TAPACHULA,1336
12,90,TAPACHULA,1336
12,90,TAPACHULA,1336
12,90,TAPACHULA,1336
12,90,TAPACHULA,1336
12,90,TAPACHULA,1336
12,90,TAPACHULA,1336
12,90,TAPACHULA,1336
12,90,TAPACHULA,1336
12,90,TAPACHULA,1337
12,90,TAPACHULA,1337
12,90,TAPACHULA,1337
12,90,TAPACHULA,1337
12,90,TAPACHULA,1337
12,90,TAPACHULA,1338
12,90,TAPACHULA,1338
12,90,TAPACHULA,1338
12,90,TAPACHULA,1338
12,90,TAPACHULA,1338
12,90,TAPACHULA,1338
12,90,TAPACHULA,1338
12,90,TAPACHULA,1338
12,90,TAPACHULA,1338
12,90,TAPACHULA,1338
12,90,TAPACHULA,1339
12,90,TAPACHULA,1339
12,90,TAPACHULA,1339
12,90,TAPACHULA,1341
12,90,TAPACHULA,1341
12,90,TAPACHULA,1341
12,90,TAPACHULA,1342
12,90,TAPACHULA,1342
12,90,TAPACHULA,1342
12,90,TAPACHULA,1342
12,90,TAPACHULA,1342
12,90,TAPACHULA,1342
12,90,TAPACHULA,1342
12,90,TAPACHULA,1342
12,90,TAPACHULA,1342
12,90,TAPACHULA,1342
12,90,TAPACHULA,1342
12,90,TAPACHULA,1342
12,90,TAPACHULA,1342
12,90,TAPACHULA,1342
12,90,TAPACHULA,1342
12,90,TAPACHULA,1342
12,90,TAPACHULA,1342
12,90,TAPACHULA,1342
12,90,TAPACHULA,1342
12,90,TAPACHULA,1342
12,90,TAPACHULA,1342
12,90,TAPACHULA,1342
12,90,TAPACHULA,1342
12,90,TAPACHULA,1342
12,90,TAPACHULA,1342
12,90,TAPACHULA,1342
12,90,TAPACHULA,1342
12,90,TAPACHULA,1342
12,90,TAPACHULA,1342
12,90,TAPACHULA,1342
12,90,TAPACHULA,1342
12,90,TAPACHULA,1342
12,90,TAPACHULA,1342
12,90,TAPACHULA,1342
12,90,TAPACHULA,1342
12,90,TAPACHULA,1369
12,90,TAPACHULA,1369
12,90,TAPACHULA,1369
12,90,TAPACHULA,1370
12,90,TAPACHULA,1373
12,90,TAPACHULA,1374
12,90,TAPACHULA,1375
12,90,TAPACHULA,1375
12,90,TAPACHULA,1375
12,90,TAPACHULA,1375
12,90,TAPACHULA,1375
12,90,TAPACHULA,1375
12,90,TAPACHULA,1375
12,90,TAPACHULA,1375
12,90,TAPACHULA,1376
12,90,TAPACHULA,1376
12,90,TAPACHULA,1376
12,90,TAPACHULA,1376
12,90,TAPACHULA,1376
12,90,TAPACHULA,1376
12,90,TAPACHULA,1376
12,90,TAPACHULA,1376
12,90,TAPACHULA,1376
12,90,TAPACHULA,1376
12,90,TAPACHULA,1385
12,90,TAPACHULA,1385
12,90,TAPACHULA,1385
12,90,TAPACHULA,1385
12,90,TAPACHULA,1385
12,90,TAPACHULA,1385
12,90,TAPACHULA,1386
12,90,TAPACHULA,1386
12,90,TAPACHULA,1386
12,90,TAPACHULA,1386
12,90,TAPACHULA,1386
12,90,TAPACHULA,1386
12,90,TAPACHULA,1386
12,90,TAPACHULA,1386
12,90,TAPACHULA,1386
12,90,TAPACHULA,1386
12,90,TAPACHULA,1386
12,90,TAPACHULA,1386
12,90,TAPACHULA,1386
12,90,TAPACHULA,1386
12,90,TAPACHULA,1386
12,90,TAPACHULA,1386
12,90,TAPACHULA,1386
12,90,TAPACHULA,1386
12,90,TAPACHULA,1386
12,90,TAPACHULA,1386
12,90,TAPACHULA,1386
12,90,TAPACHULA,1386
12,90,TAPACHULA,1386
12,90,TAPACHULA,1386
12,90,TAPACHULA,1386
12,90,TAPACHULA,1386
12,90,TAPACHULA,1386
12,90,TAPACHULA,1386
12,90,TAPACHULA,1386
12,90,TAPACHULA,1386
12,90,TAPACHULA,1386
12,90,TAPACHULA,1386
12,90,TAPACHULA,1386
12,90,TAPACHULA,1386
12,90,TAPACHULA,1386
12,90,TAPACHULA,1386
12,90,TAPACHULA,1386
12,90,TAPACHULA,1386
12,90,TAPACHULA,1386
12,90,TAPACHULA,1386
12,90,TAPACHULA,1386
12,90,TAPACHULA,1386
12,90,TAPACHULA,1386
12,90,TAPACHULA,1387
12,90,TAPACHULA,1388
12,90,TAPACHULA,1388
12,90,TAPACHULA,1391
12,90,TAPACHULA,1392
12,90,TAPACHULA,1399
12,90,TAPACHULA,1399
12,90,TAPACHULA,1400
12,90,TAPACHULA,1400
12,90,TAPACHULA,1976
12,90,TAPACHULA,1976
12,90,TAPACHULA,1976
12,90,TAPACHULA,1976
12,90,TAPACHULA,1976
12,90,TAPACHULA,1976
12,90,TAPACHULA,1976
12,90,TAPACHULA,1976
12,90,TAPACHULA,1977
12,90,TAPACHULA,1977
12,90,TAPACHULA,1977
12,90,TAPACHULA,1978
12,90,TAPACHULA,1978
12,90,TAPACHULA,1978
12,90,TAPACHULA,1978
12,90,TAPACHULA,1979
12,90,TAPACHULA,1979
12,90,TAPACHULA,1979
12,90,TAPACHULA,1980
12,90,TAPACHULA,1980
12,90,TAPACHULA,1980
12,90,TAPACHULA,1980
12,90,TAPACHULA,1980
12,90,TAPACHULA,1981
12,90,TAPACHULA,1981
12,90,TAPACHULA,1981
12,90,TAPACHULA,1983
12,90,TAPACHULA,1983
12,90,TAPACHULA,1983
12,90,TAPACHULA,1983
12,90,TAPACHULA,1983
12,90,TAPACHULA,1983
12,90,TAPACHULA,1985
12,90,TAPACHULA,1985
12,90,TAPACHULA,1985
12,90,TAPACHULA,1985
12,90,TAPACHULA,1985
12,90,TAPACHULA,1985
12,90,TAPACHULA,1986
12,90,TAPACHULA,1986
12,90,TAPACHULA,1986
12,90,TAPACHULA,1986
12,90,TAPACHULA,1987
12,90,TAPACHULA,1987
12,90,TAPACHULA,1987
12,90,TAPACHULA,1987
12,90,TAPACHULA,1987
12,90,TAPACHULA,1987
12,90,TAPACHULA,1987
12,90,TAPACHULA,1988
12,90,TAPACHULA,1988
12,90,TAPACHULA,1988
12,90,TAPACHULA,1988
12,90,TAPACHULA,1989
12,90,TAPACHULA,1989
12,90,TAPACHULA,1989
12,90,TAPACHULA,1989
12,90,TAPACHULA,1989
12,90,TAPACHULA,1989
12,90,TAPACHULA,1989
12,90,TAPACHULA,1989
12,90,TAPACHULA,1990
12,90,TAPACHULA,1990
12,90,TAPACHULA,1990
12,90,TAPACHULA,1990
12,90,TAPACHULA,1990
12,90,TAPACHULA,1990
12,90,TAPACHULA,1990
12,90,TAPACHULA,1990
12,90,TAPACHULA,1990
12,90,TAPACHULA,1990
12,90,TAPACHULA,1991
12,90,TAPACHULA,1991
12,90,TAPACHULA,1991
12,90,TAPACHULA,1991
12,90,TAPACHULA,1991
12,90,TAPACHULA,1991
12,90,TAPACHULA,1991
12,90,TAPACHULA,1992
12,90,TAPACHULA,1992
12,90,TAPACHULA,1992
12,90,TAPACHULA,1992
12,90,TAPACHULA,1992
12,90,TAPACHULA,1992
12,90,TAPACHULA,1992
12,90,TAPACHULA,1992
12,90,TAPACHULA,1992
12,90,TAPACHULA,1992
12,90,TAPACHULA,1992
12,90,TAPACHULA,1992
12,90,TAPACHULA,1992
12,90,TAPACHULA,1992
12,90,TAPACHULA,1992
12,90,TAPACHULA,1993
12,90,TAPACHULA,1993
12,90,TAPACHULA,1993
12,90,TAPACHULA,1993
12,90,TAPACHULA,1993
12,90,TAPACHULA,1994
12,90,TAPACHULA,1994
12,90,TAPACHULA,1994
12,90,TAPACHULA,1994
12,90,TAPACHULA,1995
12,90,TAPACHULA,1995
12,90,TAPACHULA,1995
12,90,TAPACHULA,1996
12,90,TAPACHULA,1996
12,90,TAPACHULA,1996
12,90,TAPACHULA,1997
12,90,TAPACHULA,1997
12,90,TAPACHULA,1997
12,90,TAPACHULA,1998
12,90,TAPACHULA,1998
12,90,TAPACHULA,1998
12,90,TAPACHULA,1998
12,90,TAPACHULA,1998
12,90,TAPACHULA,1998
12,90,TAPACHULA,1998
12,90,TAPACHULA,1998
12,90,TAPACHULA,1998
12,90,TAPACHULA,1998
12,90,TAPACHULA,1999
12,90,TAPACHULA,1999
12,90,TAPACHULA,1999
12,90,TAPACHULA,2000
12,90,TAPACHULA,2000
12,90,TAPACHULA,2000
12,90,TAPACHULA,2000
12,90,TAPACHULA,2000
12,90,TAPACHULA,2001
12,90,TAPACHULA,2001
12,90,TAPACHULA,2001
12,90,TAPACHULA,2001
12,90,TAPACHULA,2001
12,90,TAPACHULA,2001
12,90,TAPACHULA,2002
12,90,TAPACHULA,2002
12,90,TAPACHULA,2002
12,90,TAPACHULA,2002
12,90,TAPACHULA,2003
12,90,TAPACHULA,2003
12,90,TAPACHULA,2003
12,90,TAPACHULA,2003
12,90,TAPACHULA,2003
12,90,TAPACHULA,2003
12,90,TAPACHULA,2003
12,90,TAPACHULA,2004
12,90,TAPACHULA,2004
12,90,TAPACHULA,2004
12,90,TAPACHULA,2004
12,90,TAPACHULA,2004
12,90,TAPACHULA,2004
12,90,TAPACHULA,2004
12,90,TAPACHULA,2004
12,90,TAPACHULA,2004
12,90,TAPACHULA,2004
12,90,TAPACHULA,2004
12,90,TAPACHULA,2004
12,90,TAPACHULA,2004
12,90,TAPACHULA,2004
12,90,TAPACHULA,2005
12,90,TAPACHULA,2005
12,90,TAPACHULA,2005
12,90,TAPACHULA,2005
12,90,TAPACHULA,2005
12,90,TAPACHULA,2005
12,90,TAPACHULA,2005
12,90,TAPACHULA,2006
12,90,TAPACHULA,2006
12,90,TAPACHULA,2006
12,90,TAPACHULA,2006
12,90,TAPACHULA,2006
12,90,TAPACHULA,2006
12,90,TAPACHULA,2007
12,90,TAPACHULA,2008
12,90,TAPACHULA,2008
12,90,TAPACHULA,2009
12,90,TAPACHULA,2009
12,90,TAPACHULA,2010
12,90,TAPACHULA,2011
12,90,TAPACHULA,2011
12,90,TAPACHULA,2142
12,90,TAPACHULA,2142
12,90,TAPACHULA,2142
12,90,TAPACHULA,2142
12,90,TAPACHULA,2142
12,90,TAPACHULA,2142
12,90,TAPACHULA,2142
12,90,TAPACHULA,2142
12,90,TAPACHULA,2143
12,90,TAPACHULA,2143
12,90,TAPACHULA,2143
12,90,TAPACHULA,2143
12,90,TAPACHULA,2143
12,90,TAPACHULA,2143
12,90,TAPACHULA,2143
12,90,TAPACHULA,2143
12,90,TAPACHULA,2143
12,90,TAPACHULA,2209
12,90,TAPACHULA,2209
12,90,TAPACHULA,2209
12,90,TAPACHULA,2209
12,90,TAPACHULA,2209
12,90,TAPACHULA,2209
12,90,TAPACHULA,2209
12,90,TAPACHULA,2209
12,90,TAPACHULA,2209
12,90,TAPACHULA,2209
12,90,TAPACHULA,2209
12,90,TAPACHULA,2209
12,90,TAPACHULA,2209
12,90,TAPACHULA,2210
12,90,TAPACHULA,2210
12,90,TAPACHULA,2210
12,90,TAPACHULA,2210
12,90,TAPACHULA,2210
12,90,TAPACHULA,2210
12,90,TAPACHULA,2210
12,90,TAPACHULA,2210
12,90,TAPACHULA,2210
12,90,TAPACHULA,2210
12,90,TAPACHULA,2210
12,90,TAPACHULA,2211
12,90,TAPACHULA,2211
12,90,TAPACHULA,2211
12,90,TAPACHULA,2211
12,90,TAPACHULA,2211
12,90,TAPACHULA,2211
12,90,TAPACHULA,2211
12,90,TAPACHULA,2211
12,90,TAPACHULA,2211
12,90,TAPACHULA,2211
12,90,TAPACHULA,2211
12,90,TAPACHULA,2211
12,90,TAPACHULA,2211
12,90,TAPACHULA,2211
12,90,TAPACHULA,2211
12,90,TAPACHULA,2211
12,90,TAPACHULA,2211
12,90,TAPACHULA,2211
12,90,TAPACHULA,2211
12,90,TAPACHULA,2212
12,90,TAPACHULA,2212
12,90,TAPACHULA,2212
12,90,TAPACHULA,2212
12,90,TAPACHULA,2212
12,90,TAPACHULA,2212
12,90,TAPACHULA,2212
12,90,TAPACHULA,2212
12,90,TAPACHULA,2212
12,90,TAPACHULA,2212
12,90,TAPACHULA,2212
12,90,TAPACHULA,2212
12,90,TAPACHULA,2212
12,90,TAPACHULA,2212
12,90,TAPACHULA,2212
12,90,TAPACHULA,2212
12,90,TAPACHULA,2212
12,90,TAPACHULA,2213
12,90,TAPACHULA,2213
12,90,TAPACHULA,2213
12,90,TAPACHULA,2213
12,90,TAPACHULA,2213
12,90,TAPACHULA,2213
12,90,TAPACHULA,2213
12,90,TAPACHULA,2213
12,90,TAPACHULA,2213
12,90,TAPACHULA,2213
12,90,TAPACHULA,2214
12,90,TAPACHULA,2214
12,90,TAPACHULA,2214
12,90,TAPACHULA,2214
12,90,TAPACHULA,2214
12,90,TAPACHULA,2214
12,90,TAPACHULA,2214
12,90,TAPACHULA,2214
12,90,TAPACHULA,2214
12,90,TAPACHULA,2214
12,90,TAPACHULA,2214
12,90,TAPACHULA,2214
12,90,TAPACHULA,2214
12,90,TAPACHULA,2214
12,90,TAPACHULA,2214
12,90,TAPACHULA,2214
12,90,TAPACHULA,2214
12,90,TAPACHULA,2214
12,90,TAPACHULA,2214
12,90,TAPACHULA,2214
12,90,TAPACHULA,2214
12,90,TAPACHULA,2214
12,90,TAPACHULA,2214
12,90,TAPACHULA,2214
12,90,TAPACHULA,2358
12,90,TAPACHULA,2358
12,90,TAPACHULA,2358
12,90,TAPACHULA,2358
12,90,TAPACHULA,2358
12,90,TAPACHULA,2358
12,90,TAPACHULA,2358
12,90,TAPACHULA,2358
12,90,TAPACHULA,2358
12,90,TAPACHULA,2358
12,90,TAPACHULA,2358
12,90,TAPACHULA,2358
12,90,TAPACHULA,2358
12,90,TAPACHULA,2358
12,90,TAPACHULA,2359
12,90,TAPACHULA,2359
12,90,TAPACHULA,2359
12,90,TAPACHULA,2359
12,90,TAPACHULA,2359
12,90,TAPACHULA,2359
12,90,TAPACHULA,2359
12,90,TAPACHULA,2359
12,90,TAPACHULA,2359
12,90,TAPACHULA,2359
12,90,TAPACHULA,2359
12,90,TAPACHULA,2359
12,90,TAPACHULA,2359
12,90,TAPACHULA,2359
12,90,TAPACHULA,2359
12,90,TAPACHULA,2359
12,90,TAPACHULA,2359
12,90,TAPACHULA,2359
12,90,TAPACHULA,2359
12,90,TAPACHULA,2359
12,90,TAPACHULA,2359
12,90,TAPACHULA,2359
12,90,TAPACHULA,2359
12,90,TAPACHULA,2359
12,90,TAPACHULA,2360
12,90,TAPACHULA,2360
12,90,TAPACHULA,2360
12,90,TAPACHULA,2360
12,90,TAPACHULA,2361
12,90,TAPACHULA,2361
12,90,TAPACHULA,2361
12,90,TAPACHULA,2361
12,90,TAPACHULA,2361
12,90,TAPACHULA,2361
12,90,TAPACHULA,2361
12,90,TAPACHULA,2361
12,90,TAPACHULA,2361
12,90,TAPACHULA,2362
12,90,TAPACHULA,2362
12,90,TAPACHULA,2362
12,90,TAPACHULA,2362
12,90,TAPACHULA,2362
12,90,TAPACHULA,2362
12,90,TAPACHULA,2362
12,90,TAPACHULA,2362
12,90,TAPACHULA,2362
12,90,TAPACHULA,2363
12,90,TAPACHULA,2363
12,90,TAPACHULA,2363
12,90,TAPACHULA,2363
12,90,TAPACHULA,2363
12,90,TAPACHULA,2364
12,90,TAPACHULA,2364
12,90,TAPACHULA,2364
12,90,TAPACHULA,2364
12,90,TAPACHULA,2364
12,90,TAPACHULA,2364
12,90,TAPACHULA,2364
12,90,TAPACHULA,2364
12,90,TAPACHULA,2364
12,90,TAPACHULA,2364
12,90,TAPACHULA,2364
12,90,TAPACHULA,2365
12,90,TAPACHULA,2365
12,90,TAPACHULA,2365
12,90,TAPACHULA,2365
12,90,TAPACHULA,2365
12,90,TAPACHULA,2365
12,90,TAPACHULA,2365
12,90,TAPACHULA,2365
12,90,TAPACHULA,2365
12,90,TAPACHULA,2365
12,90,TAPACHULA,2365
12,90,TAPACHULA,2365
12,90,TAPACHULA,2365
12,90,TAPACHULA,2365
12,90,TAPACHULA,2366
12,90,TAPACHULA,2366
12,90,TAPACHULA,2366
12,90,TAPACHULA,2366
12,90,TAPACHULA,2366
12,90,TAPACHULA,2366
12,90,TAPACHULA,2366
12,90,TAPACHULA,2366
12,90,TAPACHULA,2366
12,90,TAPACHULA,2366
12,90,TAPACHULA,2367
12,90,TAPACHULA,2367
12,90,TAPACHULA,2367
12,90,TAPACHULA,2367
12,90,TAPACHULA,2367
12,90,TAPACHULA,2367
12,90,TAPACHULA,2367
12,90,TAPACHULA,2367
12,90,TAPACHULA,2367
12,90,TAPACHULA,2367
12,90,TAPACHULA,2368
12,90,TAPACHULA,2368
12,90,TAPACHULA,2368
12,90,TAPACHULA,2368
12,90,TAPACHULA,2368
12,90,TAPACHULA,2368
12,90,TAPACHULA,2368
12,90,TAPACHULA,2368
12,90,TAPACHULA,2368
12,90,TAPACHULA,2368
12,101,TUXTLA CHICO,1580
12,101,TUXTLA CHICO,1580
12,101,TUXTLA CHICO,1581
12,101,TUXTLA CHICO,1581
12,101,TUXTLA CHICO,1582
12,101,TUXTLA CHICO,1582
12,101,TUXTLA CHICO,1583
12,101,TUXTLA CHICO,1583
12,101,TUXTLA CHICO,1583
12,101,TUXTLA CHICO,1583
12,101,TUXTLA CHICO,1584
12,101,TUXTLA CHICO,1584
12,101,TUXTLA CHICO,1584
12,101,TUXTLA CHICO,1584
12,101,TUXTLA CHICO,1584
12,101,TUXTLA CHICO,1584
12,101,TUXTLA CHICO,1585
12,101,TUXTLA CHICO,1586
12,101,TUXTLA CHICO,1586
12,101,TUXTLA CHICO,1587
12,101,TUXTLA CHICO,1587
12,101,TUXTLA CHICO,1587
12,101,TUXTLA CHICO,1587
12,101,TUXTLA CHICO,1587
12,101,TUXTLA CHICO,1587
12,101,TUXTLA CHICO,1587
12,101,TUXTLA CHICO,1588
12,101,TUXTLA CHICO,1589
12,101,TUXTLA CHICO,1590
12,101,TUXTLA CHICO,1593
12,101,TUXTLA CHICO,1593
12,101,TUXTLA CHICO,1593
12,101,TUXTLA CHICO,1593
12,101,TUXTLA CHICO,1593
12,101,TUXTLA CHICO,1595
12,101,TUXTLA CHICO,1599
12,101,TUXTLA CHICO,1599
12,101,TUXTLA CHICO,1601
12,105,UNION JUAREZ,1778
12,105,UNION JUAREZ,1778
12,105,UNION JUAREZ,1779
12,105,UNION JUAREZ,1779
12,105,UNION JUAREZ,1781
12,105,UNION JUAREZ,1781
12,105,UNION JUAREZ,1782
12,105,UNION JUAREZ,1782
12,105,UNION JUAREZ,1783
12,105,UNION JUAREZ,1783
12,105,UNION JUAREZ,1783
12,105,UNION JUAREZ,1783
12,105,UNION JUAREZ,1783
12,105,UNION JUAREZ,1783
12,105,UNION JUAREZ,1784
12,105,UNION JUAREZ,1784
12,105,UNION JUAREZ,1784
12,105,UNION JUAREZ,1784
12,105,UNION JUAREZ,1784
12,105,UNION JUAREZ,1785
12,105,UNION JUAREZ,1785
12,105,UNION JUAREZ,1785
12,105,UNION JUAREZ,1785
13,6,AMATENANGO DE LA FRONTERA,54
13,6,AMATENANGO DE LA FRONTERA,55
13,6,AMATENANGO DE LA FRONTERA,56
13,6,AMATENANGO DE LA FRONTERA,57
13,6,AMATENANGO DE LA FRONTERA,60
13,6,AMATENANGO DE LA FRONTERA,61
13,6,AMATENANGO DE LA FRONTERA,62
13,6,AMATENANGO DE LA FRONTERA,63
13,6,AMATENANGO DE LA FRONTERA,64
13,6,AMATENANGO DE LA FRONTERA,65
13,6,AMATENANGO DE LA FRONTERA,65
13,6,AMATENANGO DE LA FRONTERA,66
13,6,AMATENANGO DE LA FRONTERA,67
13,10,BEJUCAL DE OCAMPO,113
13,10,BEJUCAL DE OCAMPO,115
13,36,LA GRANDEZA,537
13,36,LA GRANDEZA,537
13,36,LA GRANDEZA,538
13,36,LA GRANDEZA,539
13,37,HUEHUETAN,540
13,37,HUEHUETAN,540
13,37,HUEHUETAN,540
13,37,HUEHUETAN,540
13,37,HUEHUETAN,541
13,37,HUEHUETAN,541
13,37,HUEHUETAN,542
13,37,HUEHUETAN,542
13,37,HUEHUETAN,542
13,37,HUEHUETAN,542
13,37,HUEHUETAN,543
13,37,HUEHUETAN,543
13,37,HUEHUETAN,543
13,37,HUEHUETAN,543
13,37,HUEHUETAN,543
13,37,HUEHUETAN,543
13,37,HUEHUETAN,543
13,37,HUEHUETAN,543
13,37,HUEHUETAN,544
13,37,HUEHUETAN,545
13,37,HUEHUETAN,546
13,37,HUEHUETAN,546
13,37,HUEHUETAN,547
13,37,HUEHUETAN,547
13,37,HUEHUETAN,547
13,37,HUEHUETAN,547
13,37,HUEHUETAN,548
13,37,HUEHUETAN,548
13,37,HUEHUETAN,548
13,37,HUEHUETAN,548
13,37,HUEHUETAN,548
13,37,HUEHUETAN,549
13,37,HUEHUETAN,551
13,37,HUEHUETAN,553
13,37,HUEHUETAN,553
13,37,HUEHUETAN,553
13,37,HUEHUETAN,553
13,37,HUEHUETAN,553
13,37,HUEHUETAN,553
13,37,HUEHUETAN,553
13,37,HUEHUETAN,553
13,37,HUEHUETAN,554
13,37,HUEHUETAN,554
13,37,HUEHUETAN,555
13,37,HUEHUETAN,555
13,37,HUEHUETAN,2369
13,37,HUEHUETAN,2369
13,37,HUEHUETAN,2369
13,37,HUEHUETAN,2369
13,37,HUEHUETAN,2369
13,37,HUEHUETAN,2369
13,37,HUEHUETAN,2371
13,40,HUIXTLA,577
13,40,HUIXTLA,577
13,40,HUIXTLA,577
13,40,HUIXTLA,577
13,40,HUIXTLA,577
13,40,HUIXTLA,577
13,40,HUIXTLA,577
13,40,HUIXTLA,578
13,40,HUIXTLA,578
13,40,HUIXTLA,578
13,40,HUIXTLA,578
13,40,HUIXTLA,578
13,40,HUIXTLA,578
13,40,HUIXTLA,578
13,40,HUIXTLA,578
13,40,HUIXTLA,579
13,40,HUIXTLA,579
13,40,HUIXTLA,580
13,40,HUIXTLA,581
13,40,HUIXTLA,581
13,40,HUIXTLA,581
13,40,HUIXTLA,581
13,40,HUIXTLA,582
13,40,HUIXTLA,582
13,40,HUIXTLA,582
13,40,HUIXTLA,583
13,40,HUIXTLA,583
13,40,HUIXTLA,584
13,40,HUIXTLA,584
13,40,HUIXTLA,585
13,40,HUIXTLA,586
13,40,HUIXTLA,586
13,40,HUIXTLA,586
13,40,HUIXTLA,587
13,40,HUIXTLA,587
13,40,HUIXTLA,587
13,40,HUIXTLA,587
13,40,HUIXTLA,587
13,40,HUIXTLA,587
13,40,HUIXTLA,588
13,40,HUIXTLA,588
13,40,HUIXTLA,589
13,40,HUIXTLA,589
13,40,HUIXTLA,589
13,40,HUIXTLA,589
13,40,HUIXTLA,589
13,40,HUIXTLA,589
13,40,HUIXTLA,589
13,40,HUIXTLA,589
13,40,HUIXTLA,589
13,40,HUIXTLA,589
13,40,HUIXTLA,589
13,40,HUIXTLA,589
13,40,HUIXTLA,589
13,40,HUIXTLA,589
13,40,HUIXTLA,589
13,40,HUIXTLA,589
13,40,HUIXTLA,589
13,40,HUIXTLA,589
13,40,HUIXTLA,590
13,40,HUIXTLA,590
13,40,HUIXTLA,590
13,40,HUIXTLA,590
13,40,HUIXTLA,590
13,40,HUIXTLA,590
13,40,HUIXTLA,590
13,40,HUIXTLA,590
13,40,HUIXTLA,590
13,40,HUIXTLA,590
13,40,HUIXTLA,590
13,40,HUIXTLA,590
13,40,HUIXTLA,590
13,40,HUIXTLA,591
13,40,HUIXTLA,594
13,40,HUIXTLA,595
13,40,HUIXTLA,595
13,40,HUIXTLA,596
13,40,HUIXTLA,596
13,40,HUIXTLA,596
13,40,HUIXTLA,597
13,40,HUIXTLA,598
13,40,HUIXTLA,598
13,40,HUIXTLA,598
13,40,HUIXTLA,598
13,40,HUIXTLA,599
13,40,HUIXTLA,599
13,40,HUIXTLA,599
13,40,HUIXTLA,600
13,40,HUIXTLA,600
13,40,HUIXTLA,601
13,40,HUIXTLA,601
13,53,MAZAPA DE MADERO,760
13,53,MAZAPA DE MADERO,762
13,53,MAZAPA DE MADERO,762
13,54,MAZATAN,765
13,54,MAZATAN,765
13,54,MAZATAN,765
13,54,MAZATAN,765
13,54,MAZATAN,766
13,54,MAZATAN,766
13,54,MAZATAN,766
13,54,MAZATAN,766
13,54,MAZATAN,766
13,54,MAZATAN,766
13,54,MAZATAN,766
13,54,MAZATAN,766
13,54,MAZATAN,767
13,54,MAZATAN,767
13,54,MAZATAN,767
13,54,MAZATAN,767
13,54,MAZATAN,768
13,54,MAZATAN,769
13,54,MAZATAN,770
13,54,MAZATAN,771
13,54,MAZATAN,771
13,54,MAZATAN,772
13,54,MAZATAN,772
13,54,MAZATAN,772
13,54,MAZATAN,773
13,54,MAZATAN,773
13,54,MAZATAN,773
13,54,MAZATAN,773
13,54,MAZATAN,774
13,54,MAZATAN,774
13,54,MAZATAN,775
13,54,MAZATAN,775
13,54,MAZATAN,776
13,54,MAZATAN,776
13,54,MAZATAN,777
13,54,MAZATAN,777
13,54,MAZATAN,777
13,54,MAZATAN,778
13,54,MAZATAN,779
13,54,MAZATAN,779
13,57,MOTOZINTLA,788
13,57,MOTOZINTLA,788
13,57,MOTOZINTLA,788
13,57,MOTOZINTLA,790
13,57,MOTOZINTLA,790
13,57,MOTOZINTLA,790
13,57,MOTOZINTLA,790
13,57,MOTOZINTLA,790
13,57,MOTOZINTLA,790
13,57,MOTOZINTLA,790
13,57,MOTOZINTLA,790
13,57,MOTOZINTLA,790
13,57,MOTOZINTLA,790
13,57,MOTOZINTLA,790
13,57,MOTOZINTLA,790
13,57,MOTOZINTLA,790
13,57,MOTOZINTLA,790
13,57,MOTOZINTLA,791
13,57,MOTOZINTLA,791
13,57,MOTOZINTLA,791
13,57,MOTOZINTLA,791
13,57,MOTOZINTLA,791
13,57,MOTOZINTLA,791
13,57,MOTOZINTLA,791
13,57,MOTOZINTLA,792
13,57,MOTOZINTLA,792
13,57,MOTOZINTLA,792
13,57,MOTOZINTLA,792
13,57,MOTOZINTLA,792
13,57,MOTOZINTLA,792
13,57,MOTOZINTLA,792
13,57,MOTOZINTLA,793
13,57,MOTOZINTLA,793
13,57,MOTOZINTLA,793
13,57,MOTOZINTLA,793
13,57,MOTOZINTLA,793
13,57,MOTOZINTLA,793
13,57,MOTOZINTLA,793
13,57,MOTOZINTLA,794
13,57,MOTOZINTLA,794
13,57,MOTOZINTLA,794
13,57,MOTOZINTLA,794
13,57,MOTOZINTLA,794
13,57,MOTOZINTLA,794
13,57,MOTOZINTLA,794
13,57,MOTOZINTLA,794
13,57,MOTOZINTLA,794
13,57,MOTOZINTLA,794
13,57,MOTOZINTLA,794
13,57,MOTOZINTLA,797
13,57,MOTOZINTLA,798
13,57,MOTOZINTLA,802
13,57,MOTOZINTLA,802
13,57,MOTOZINTLA,806
13,57,MOTOZINTLA,807
13,57,MOTOZINTLA,811
13,57,MOTOZINTLA,2144
13,57,MOTOZINTLA,2144
13,57,MOTOZINTLA,2144
13,57,MOTOZINTLA,2144
13,57,MOTOZINTLA,2144
13,57,MOTOZINTLA,2144
13,57,MOTOZINTLA,2144
13,57,MOTOZINTLA,2144
13,57,MOTOZINTLA,2144
13,57,MOTOZINTLA,2144
13,57,MOTOZINTLA,2144
13,57,MOTOZINTLA,2144
13,57,MOTOZINTLA,2144
13,57,MOTOZINTLA,2144
13,57,MOTOZINTLA,2144
13,57,MOTOZINTLA,2144
13,57,MOTOZINTLA,2144
13,57,MOTOZINTLA,2144
13,57,MOTOZINTLA,2144
13,57,MOTOZINTLA,2144
13,57,MOTOZINTLA,2144
13,57,MOTOZINTLA,2144
13,57,MOTOZINTLA,2144
13,57,MOTOZINTLA,2144
13,57,MOTOZINTLA,2144
13,57,MOTOZINTLA,2144
13,57,MOTOZINTLA,2145
13,57,MOTOZINTLA,2145
13,57,MOTOZINTLA,2145
13,57,MOTOZINTLA,2145
13,57,MOTOZINTLA,2145
13,57,MOTOZINTLA,2145
13,57,MOTOZINTLA,2145
13,57,MOTOZINTLA,2372
13,57,MOTOZINTLA,2372
13,57,MOTOZINTLA,2372
13,57,MOTOZINTLA,2372
13,57,MOTOZINTLA,2372
13,57,MOTOZINTLA,2372
13,57,MOTOZINTLA,2372
13,57,MOTOZINTLA,2372
13,57,MOTOZINTLA,2372
13,57,MOTOZINTLA,2372
13,57,MOTOZINTLA,2372
13,57,MOTOZINTLA,2372
13,57,MOTOZINTLA,2372
13,57,MOTOZINTLA,2372
13,57,MOTOZINTLA,2372
13,57,MOTOZINTLA,2372
13,57,MOTOZINTLA,2372
13,57,MOTOZINTLA,2372
13,57,MOTOZINTLA,2372
13,57,MOTOZINTLA,2372
13,57,MOTOZINTLA,2372
13,57,MOTOZINTLA,2372
13,57,MOTOZINTLA,2372
13,57,MOTOZINTLA,2372
13,57,MOTOZINTLA,2373
13,57,MOTOZINTLA,2373
13,57,MOTOZINTLA,2373
13,57,MOTOZINTLA,2373
13,57,MOTOZINTLA,2373
13,57,MOTOZINTLA,2373
13,57,MOTOZINTLA,2373
13,57,MOTOZINTLA,2373
13,57,MOTOZINTLA,2373
13,57,MOTOZINTLA,2373
13,57,MOTOZINTLA,2373
13,70,EL PORVENIR,1034
13,70,EL PORVENIR,1034
13,70,EL PORVENIR,1034
13,70,EL PORVENIR,1034
13,70,EL PORVENIR,1034
13,70,EL PORVENIR,1035
13,70,EL PORVENIR,1038
13,70,EL PORVENIR,1038
13,70,EL PORVENIR,1038
13,81,SILTEPEC,1189
13,81,SILTEPEC,1189
13,81,SILTEPEC,1189
13,81,SILTEPEC,1190
13,81,SILTEPEC,1190
13,81,SILTEPEC,1190
13,81,SILTEPEC,1190
13,81,SILTEPEC,1190
13,81,SILTEPEC,1190
13,81,SILTEPEC,1192
13,81,SILTEPEC,1200
13,81,SILTEPEC,1202
13,81,SILTEPEC,1203
13,81,SILTEPEC,1206
13,81,SILTEPEC,1206
13,90,TAPACHULA,1346
13,90,TAPACHULA,1349
13,90,TAPACHULA,1351
13,90,TAPACHULA,1352
13,90,TAPACHULA,1354
13,90,TAPACHULA,1354
13,90,TAPACHULA,1355
13,90,TAPACHULA,1359
13,90,TAPACHULA,1359
13,90,TAPACHULA,1360
13,90,TAPACHULA,1360
13,90,TAPACHULA,1361
13,90,TAPACHULA,1362
13,90,TAPACHULA,1363
13,90,TAPACHULA,1363
13,90,TAPACHULA,1364
13,90,TAPACHULA,1365
13,90,TAPACHULA,1365
13,90,TAPACHULA,1366
13,90,TAPACHULA,1377
13,90,TAPACHULA,1378
13,90,TAPACHULA,1378
13,90,TAPACHULA,1378
13,90,TAPACHULA,1378
13,90,TAPACHULA,1378
13,90,TAPACHULA,1378
13,90,TAPACHULA,1378
13,90,TAPACHULA,1379
13,90,TAPACHULA,1379
13,90,TAPACHULA,1379
13,90,TAPACHULA,1379
13,90,TAPACHULA,1380
13,90,TAPACHULA,1380
13,90,TAPACHULA,1381
13,90,TAPACHULA,1382
13,90,TAPACHULA,1382
13,90,TAPACHULA,1383
13,90,TAPACHULA,1383
13,90,TAPACHULA,1384
13,90,TAPACHULA,1384
13,90,TAPACHULA,1384
13,90,TAPACHULA,1384
13,90,TAPACHULA,1384
13,90,TAPACHULA,1384
13,90,TAPACHULA,1384
13,90,TAPACHULA,1384
13,90,TAPACHULA,1384
13,90,TAPACHULA,1384
13,90,TAPACHULA,1384
13,90,TAPACHULA,1384
13,90,TAPACHULA,1389
13,90,TAPACHULA,1389
13,90,TAPACHULA,1393
13,90,TAPACHULA,1393
13,90,TAPACHULA,1396
13,90,TAPACHULA,1397
13,90,TAPACHULA,1397
13,90,TAPACHULA,1397
13,90,TAPACHULA,1397
13,90,TAPACHULA,1397
13,90,TAPACHULA,1397
13,90,TAPACHULA,1397
13,90,TAPACHULA,1397
13,90,TAPACHULA,1398
13,90,TAPACHULA,1398
13,90,TAPACHULA,1398
13,90,TAPACHULA,1398
13,90,TAPACHULA,1982
13,90,TAPACHULA,1982
13,90,TAPACHULA,1982
13,90,TAPACHULA,1984
13,90,TAPACHULA,1984
13,90,TAPACHULA,1984
13,90,TAPACHULA,2047
13,90,TAPACHULA,2047
13,90,TAPACHULA,2047
13,90,TAPACHULA,2047
13,90,TAPACHULA,2047
13,90,TAPACHULA,2048
13,90,TAPACHULA,2147
13,90,TAPACHULA,2147
13,90,TAPACHULA,2147
13,90,TAPACHULA,2147
13,90,TAPACHULA,2147
13,90,TAPACHULA,2147
13,90,TAPACHULA,2147
13,103,TUZANTAN,1755
13,103,TUZANTAN,1755
13,103,TUZANTAN,1755
13,103,TUZANTAN,1755
13,103,TUZANTAN,1756
13,103,TUZANTAN,1757
13,103,TUZANTAN,1758
13,103,TUZANTAN,1759
13,103,TUZANTAN,1759
13,103,TUZANTAN,1760
13,103,TUZANTAN,1761
13,103,TUZANTAN,1762
13,103,TUZANTAN,1763
13,103,TUZANTAN,1763
13,103,TUZANTAN,1763
13,103,TUZANTAN,1763
13,103,TUZANTAN,1763
13,103,TUZANTAN,1763
13,103,TUZANTAN,1763
13,103,TUZANTAN,1763
13,103,TUZANTAN,1763
13,103,TUZANTAN,1764
13,103,TUZANTAN,1765
13,103,TUZANTAN,1766
13,103,TUZANTAN,1767
13,103,TUZANTAN,1769
13,103,TUZANTAN,1769
13,103,TUZANTAN,1770
13,103,TUZANTAN,1770
13,107,VILLACOMALTITLAN,1812
13,107,VILLACOMALTITLAN,1812
13,107,VILLACOMALTITLAN,1812
13,107,VILLACOMALTITLAN,1812
13,107,VILLACOMALTITLAN,1812
13,107,VILLACOMALTITLAN,1812
13,107,VILLACOMALTITLAN,1812
13,107,VILLACOMALTITLAN,1812
13,107,VILLACOMALTITLAN,1813
13,107,VILLACOMALTITLAN,1813
13,107,VILLACOMALTITLAN,1813
13,107,VILLACOMALTITLAN,1813
13,107,VILLACOMALTITLAN,1813
13,107,VILLACOMALTITLAN,1814
13,107,VILLACOMALTITLAN,1814
13,107,VILLACOMALTITLAN,1814
13,107,VILLACOMALTITLAN,1814
13,107,VILLACOMALTITLAN,1815
13,107,VILLACOMALTITLAN,1815
13,107,VILLACOMALTITLAN,1815
13,107,VILLACOMALTITLAN,1815
13,107,VILLACOMALTITLAN,1815
13,107,VILLACOMALTITLAN,1815
13,107,VILLACOMALTITLAN,1815
13,107,VILLACOMALTITLAN,1819
13,107,VILLACOMALTITLAN,1820
13,107,VILLACOMALTITLAN,1821
13,107,VILLACOMALTITLAN,1821
13,107,VILLACOMALTITLAN,1822
13,107,VILLACOMALTITLAN,1822
13,107,VILLACOMALTITLAN,1823
13,107,VILLACOMALTITLAN,1824
13,107,VILLACOMALTITLAN,1825
13,107,VILLACOMALTITLAN,1825
13,107,VILLACOMALTITLAN,1827
13,124,HONDURAS DE LA SIERRA,1194
13,124,HONDURAS DE LA SIERRA,1194
13,124,HONDURAS DE LA SIERRA,1195
13,124,HONDURAS DE LA SIERRA,1195
13,124,HONDURAS DE LA SIERRA,1205
